subject,time,x1,x2,x3,y1,y2,y3,y4
1.0,1.0,1.0,-0.015097095950906086,0.0,0.0,1.0,1.0,0.0
1.0,2.0,1.0,-0.08426950041991149,0.0,1.0,0.0,0.0,0.0
1.0,3.0,1.0,-0.058895052168945326,0.0,0.0,0.0,0.0,0.0
1.0,4.0,1.0,0.02831563634240536,0.0,0.0,1.0,0.0,1.0
1.0,5.0,1.0,-0.2168268981092358,0.0,1.0,1.0,1.0,1.0
1.0,6.0,1.0,0.04639132362291662,0.0,1.0,0.0,1.0,1.0
1.0,7.0,1.0,-0.06706069098850259,0.0,1.0,1.0,0.0,1.0
1.0,8.0,1.0,-0.21172178904094308,0.0,1.0,1.0,1.0,0.0
1.0,9.0,1.0,-0.09514919321122137,0.0,0.0,0.0,1.0,0.0
1.0,10.0,1.0,-0.11113226093474671,0.0,0.0,1.0,1.0,1.0
1.0,11.0,1.0,-0.15962185116417907,0.0,1.0,1.0,1.0,1.0
1.0,12.0,1.0,-0.474019245070214,0.0,1.0,1.0,1.0,1.0
1.0,13.0,1.0,-0.19650866074310822,0.0,1.0,0.0,1.0,1.0
1.0,14.0,1.0,-0.1850236159386746,0.0,1.0,1.0,1.0,1.0
1.0,15.0,1.0,-0.2695676141793788,0.0,0.0,1.0,1.0,0.0
1.0,16.0,1.0,-0.113439634512151,0.0,1.0,1.0,1.0,1.0
1.0,17.0,1.0,-0.30558323329791737,0.0,1.0,1.0,1.0,1.0
1.0,18.0,1.0,-0.22390428627548464,0.0,1.0,1.0,1.0,1.0
1.0,19.0,1.0,-0.34930270274984004,0.0,1.0,0.0,1.0,1.0
1.0,20.0,1.0,-0.10731462654993817,0.0,1.0,1.0,1.0,1.0
1.0,21.0,1.0,-0.34161858437993864,0.0,0.0,1.0,1.0,1.0
1.0,22.0,1.0,-0.39493903743033004,0.0,1.0,0.0,1.0,1.0
1.0,23.0,1.0,-0.2918148556661431,0.0,0.0,1.0,0.0,0.0
1.0,24.0,1.0,-0.34873997580974303,0.0,1.0,0.0,1.0,0.0
1.0,25.0,1.0,-0.5327812016806829,0.0,0.0,1.0,0.0,0.0
1.0,26.0,1.0,-0.5359335598245005,0.0,1.0,1.0,0.0,0.0
1.0,27.0,1.0,-0.49678188976616117,0.0,1.0,0.0,0.0,0.0
1.0,28.0,1.0,-0.5875726480344062,0.0,1.0,0.0,1.0,1.0
1.0,29.0,1.0,-0.485640338637333,0.0,1.0,1.0,1.0,1.0
1.0,30.0,1.0,-0.5827368178367841,0.0,0.0,0.0,1.0,1.0
1.0,31.0,1.0,-0.5407233021509821,0.0,0.0,1.0,0.0,1.0
1.0,32.0,1.0,-0.5556342037670182,0.0,0.0,1.0,1.0,1.0
1.0,33.0,1.0,-0.5479078191538909,0.0,0.0,1.0,0.0,0.0
1.0,34.0,1.0,-0.6174095755337808,0.0,0.0,0.0,1.0,0.0
1.0,35.0,1.0,-0.8709833488583112,0.0,0.0,1.0,1.0,1.0
1.0,36.0,1.0,-0.5519664047510509,0.0,1.0,0.0,1.0,1.0
1.0,37.0,1.0,-0.8437314893840631,0.0,1.0,1.0,0.0,0.0
1.0,38.0,1.0,-0.6298590448957111,0.0,1.0,0.0,0.0,0.0
1.0,39.0,1.0,-0.6073243859213105,0.0,0.0,0.0,1.0,0.0
1.0,40.0,1.0,-0.7826924236601448,0.0,1.0,0.0,0.0,0.0
1.0,41.0,1.0,-0.6953310287031779,0.0,0.0,0.0,1.0,1.0
1.0,42.0,1.0,-0.8060154656172762,0.0,1.0,0.0,0.0,1.0
1.0,43.0,1.0,-0.5539272665317784,0.0,0.0,0.0,0.0,0.0
1.0,44.0,1.0,-0.7743909022197011,0.0,1.0,0.0,0.0,0.0
1.0,45.0,1.0,-0.7849601871569482,0.0,0.0,0.0,0.0,0.0
1.0,46.0,1.0,-0.7726189657834253,0.0,1.0,0.0,1.0,1.0
1.0,47.0,1.0,-0.8874401149302603,0.0,1.0,0.0,1.0,0.0
1.0,48.0,1.0,-1.0351282406117823,0.0,0.0,1.0,0.0,0.0
1.0,49.0,1.0,-0.8220815143054625,0.0,0.0,0.0,0.0,1.0
1.0,50.0,1.0,-0.8389939086373592,0.0,0.0,0.0,0.0,1.0
2.0,1.0,1.0,-0.1185278292700845,0.0,1.0,0.0,1.0,0.0
2.0,2.0,1.0,-0.004962305195688098,0.0,0.0,0.0,0.0,0.0
2.0,3.0,1.0,0.013349112680176037,0.0,0.0,0.0,0.0,1.0
2.0,4.0,1.0,-0.3326236438647636,0.0,0.0,0.0,0.0,1.0
2.0,5.0,1.0,-0.13715015646499762,0.0,1.0,1.0,0.0,0.0
2.0,6.0,1.0,-0.2653617946914536,0.0,1.0,1.0,1.0,1.0
2.0,7.0,1.0,-0.24052069376194615,0.0,0.0,1.0,1.0,1.0
2.0,8.0,1.0,-0.364411745112904,0.0,1.0,0.0,0.0,1.0
2.0,9.0,1.0,-0.3014038269703871,0.0,1.0,1.0,0.0,0.0
2.0,10.0,1.0,-0.1342534767396497,0.0,1.0,1.0,0.0,0.0
2.0,11.0,1.0,-0.31734126547628627,0.0,0.0,1.0,0.0,1.0
2.0,12.0,1.0,-0.32496276435489735,0.0,1.0,1.0,1.0,1.0
2.0,13.0,1.0,-0.44825015104121557,0.0,1.0,0.0,0.0,1.0
2.0,14.0,1.0,-0.44103584589655326,0.0,0.0,1.0,0.0,1.0
2.0,15.0,1.0,-0.5534269553875925,0.0,0.0,1.0,0.0,0.0
2.0,16.0,1.0,-0.428763772390538,0.0,0.0,0.0,0.0,0.0
2.0,17.0,1.0,-0.4737067660124878,0.0,1.0,1.0,0.0,0.0
2.0,18.0,1.0,-0.5533134825255482,0.0,0.0,0.0,0.0,0.0
2.0,19.0,1.0,-0.648789998632767,0.0,0.0,1.0,0.0,0.0
2.0,20.0,1.0,-0.3267460085546379,0.0,0.0,1.0,1.0,0.0
2.0,21.0,1.0,-0.6490013089466875,0.0,1.0,1.0,0.0,1.0
2.0,22.0,1.0,-0.656624719753157,0.0,1.0,1.0,1.0,1.0
2.0,23.0,1.0,-0.6890532718262499,0.0,0.0,1.0,1.0,1.0
2.0,24.0,1.0,-0.7441574772446805,0.0,0.0,1.0,1.0,1.0
2.0,25.0,1.0,-0.6308086056308841,0.0,0.0,0.0,1.0,1.0
2.0,26.0,1.0,-0.73929768775363,0.0,1.0,1.0,1.0,0.0
2.0,27.0,1.0,-0.7417307142640697,0.0,0.0,1.0,0.0,0.0
2.0,28.0,1.0,-0.8341223836861165,0.0,1.0,1.0,1.0,0.0
2.0,29.0,1.0,-0.7919576082608732,0.0,1.0,0.0,0.0,1.0
2.0,30.0,1.0,-1.0387128552182097,0.0,1.0,0.0,0.0,0.0
2.0,31.0,1.0,-0.908867675207075,0.0,1.0,1.0,0.0,0.0
2.0,32.0,1.0,-0.9490010966292274,0.0,1.0,0.0,1.0,1.0
2.0,33.0,1.0,-0.9147726496048053,0.0,1.0,0.0,1.0,1.0
2.0,34.0,1.0,-1.1211914549827309,0.0,1.0,0.0,1.0,0.0
2.0,35.0,1.0,-1.3046909542371252,0.0,0.0,0.0,0.0,0.0
2.0,36.0,1.0,-1.0141597062428391,0.0,1.0,1.0,0.0,0.0
2.0,37.0,1.0,-0.9952837911009332,0.0,0.0,0.0,0.0,0.0
2.0,38.0,1.0,-1.2059298629556083,0.0,0.0,0.0,0.0,0.0
2.0,39.0,1.0,-1.1722134313980008,0.0,1.0,1.0,1.0,1.0
2.0,40.0,1.0,-1.29075430262817,0.0,1.0,0.0,1.0,0.0
2.0,41.0,1.0,-1.2699617303731034,0.0,0.0,1.0,0.0,0.0
2.0,42.0,1.0,-1.0954371817913044,0.0,0.0,0.0,0.0,0.0
2.0,43.0,1.0,-1.3223102927515928,0.0,0.0,0.0,0.0,1.0
2.0,44.0,1.0,-1.3469224515231542,0.0,0.0,0.0,0.0,0.0
2.0,45.0,1.0,-1.1475888311365814,0.0,0.0,1.0,0.0,0.0
2.0,46.0,1.0,-1.4256060209309613,0.0,1.0,1.0,0.0,0.0
2.0,47.0,1.0,-1.3339132784376455,0.0,0.0,0.0,0.0,0.0
2.0,48.0,1.0,-1.3876279118037924,0.0,0.0,0.0,0.0,0.0
2.0,49.0,1.0,-1.5821777974878248,0.0,1.0,0.0,0.0,0.0
2.0,50.0,1.0,-1.4430158378225282,0.0,0.0,1.0,0.0,0.0
3.0,1.0,1.0,-0.16065860783966135,0.0,0.0,0.0,0.0,0.0
3.0,2.0,1.0,0.01785857166537444,0.0,1.0,1.0,0.0,1.0
3.0,3.0,1.0,0.033193244346946815,0.0,0.0,0.0,0.0,1.0
3.0,4.0,1.0,0.045559626714048285,0.0,1.0,1.0,1.0,1.0
3.0,5.0,1.0,-0.2309134265653821,0.0,1.0,1.0,1.0,1.0
3.0,6.0,1.0,-0.13982036175900756,0.0,1.0,1.0,1.0,1.0
3.0,7.0,1.0,-0.2975523088943369,0.0,1.0,1.0,1.0,1.0
3.0,8.0,1.0,-0.23279456944560656,0.0,1.0,1.0,1.0,1.0
3.0,9.0,1.0,-0.24689133869636457,0.0,1.0,1.0,1.0,1.0
3.0,10.0,1.0,-0.22801593265012188,0.0,1.0,0.0,1.0,0.0
3.0,11.0,1.0,-0.2560153422987824,0.0,1.0,1.0,0.0,1.0
3.0,12.0,1.0,-0.2902478597714425,0.0,1.0,0.0,0.0,1.0
3.0,13.0,1.0,-0.43580048549816136,0.0,1.0,0.0,1.0,1.0
3.0,14.0,1.0,-0.289104857657932,0.0,1.0,1.0,1.0,1.0
3.0,15.0,1.0,-0.37514551954842884,0.0,1.0,0.0,1.0,0.0
3.0,16.0,1.0,-0.368687859012907,0.0,1.0,1.0,1.0,1.0
3.0,17.0,1.0,-0.5329630989441239,0.0,1.0,1.0,1.0,0.0
3.0,18.0,1.0,-0.522722461189004,0.0,0.0,0.0,0.0,1.0
3.0,19.0,1.0,-0.2384608893578139,0.0,1.0,0.0,0.0,0.0
3.0,20.0,1.0,-0.5241743247259859,0.0,0.0,0.0,0.0,1.0
3.0,21.0,1.0,-0.5476762738564105,0.0,1.0,1.0,0.0,0.0
3.0,22.0,1.0,-0.7694483275184437,0.0,0.0,1.0,1.0,0.0
3.0,23.0,1.0,-0.6172218230494138,0.0,0.0,0.0,1.0,0.0
3.0,24.0,1.0,-0.49982537197975274,0.0,1.0,1.0,1.0,1.0
3.0,25.0,1.0,-0.7077071280970509,0.0,1.0,1.0,0.0,1.0
3.0,26.0,1.0,-0.7588765752487419,0.0,1.0,0.0,0.0,1.0
3.0,27.0,1.0,-0.6051967729049761,0.0,0.0,0.0,0.0,0.0
3.0,28.0,1.0,-0.546743622367981,0.0,0.0,1.0,1.0,0.0
3.0,29.0,1.0,-0.7343622525367886,0.0,1.0,1.0,1.0,0.0
3.0,30.0,1.0,-0.8663547508672618,0.0,1.0,0.0,1.0,1.0
3.0,31.0,1.0,-0.6347269205627669,0.0,1.0,0.0,1.0,1.0
3.0,32.0,1.0,-0.7430088058305931,0.0,1.0,1.0,1.0,1.0
3.0,33.0,1.0,-0.7515057468035833,0.0,1.0,1.0,1.0,1.0
3.0,34.0,1.0,-1.0755787692199512,0.0,1.0,1.0,1.0,1.0
3.0,35.0,1.0,-0.7933991733104326,0.0,1.0,0.0,1.0,1.0
3.0,36.0,1.0,-0.8985370521793873,0.0,1.0,1.0,1.0,1.0
3.0,37.0,1.0,-0.8481475749947267,0.0,1.0,1.0,1.0,1.0
3.0,38.0,1.0,-1.0481483116060832,0.0,0.0,0.0,0.0,0.0
3.0,39.0,1.0,-0.9577194560606054,0.0,1.0,0.0,0.0,0.0
3.0,40.0,1.0,-0.8898295961209525,0.0,1.0,0.0,0.0,0.0
3.0,41.0,1.0,-0.9408617861959125,0.0,0.0,0.0,0.0,1.0
3.0,42.0,1.0,-1.1003201998466772,0.0,1.0,0.0,1.0,0.0
3.0,43.0,1.0,-1.1083990195119766,0.0,1.0,1.0,0.0,1.0
3.0,44.0,1.0,-1.2291460509024184,0.0,0.0,0.0,0.0,1.0
3.0,45.0,1.0,-1.0046522284374122,0.0,0.0,0.0,1.0,0.0
3.0,46.0,1.0,-1.1878985343311834,0.0,0.0,0.0,0.0,1.0
3.0,47.0,1.0,-1.223553490828028,0.0,1.0,1.0,0.0,0.0
3.0,48.0,1.0,-1.2916290599423268,0.0,0.0,0.0,0.0,0.0
3.0,49.0,1.0,-1.2581276782257595,0.0,0.0,1.0,1.0,1.0
3.0,50.0,1.0,-1.2292462448199326,0.0,0.0,1.0,0.0,0.0
4.0,1.0,1.0,0.029559613041940293,0.0,1.0,1.0,0.0,1.0
4.0,2.0,1.0,-0.1800685567129051,0.0,1.0,1.0,1.0,1.0
4.0,3.0,1.0,0.07994501911522958,0.0,1.0,1.0,1.0,1.0
4.0,4.0,1.0,-0.0773839467710723,0.0,1.0,1.0,1.0,1.0
4.0,5.0,1.0,-0.06597615738546873,0.0,1.0,0.0,1.0,0.0
4.0,6.0,1.0,-0.187021032299023,0.0,1.0,1.0,1.0,1.0
4.0,7.0,1.0,-0.07984021296532501,0.0,1.0,1.0,0.0,1.0
4.0,8.0,1.0,-0.01769279599018779,0.0,1.0,1.0,0.0,1.0
4.0,9.0,1.0,0.1707955680601016,0.0,0.0,0.0,1.0,0.0
4.0,10.0,1.0,-0.15187541729669962,0.0,0.0,1.0,0.0,1.0
4.0,11.0,1.0,-0.023102529740662084,0.0,1.0,1.0,1.0,1.0
4.0,12.0,1.0,0.0678103681115071,0.0,1.0,1.0,1.0,1.0
4.0,13.0,1.0,0.09766996486638724,0.0,1.0,0.0,1.0,1.0
4.0,14.0,1.0,0.028014714238681848,0.0,1.0,0.0,1.0,1.0
4.0,15.0,1.0,-0.03612608812027371,0.0,1.0,1.0,1.0,1.0
4.0,16.0,1.0,0.1636996158402258,0.0,1.0,1.0,0.0,0.0
4.0,17.0,1.0,-0.1417994402764766,0.0,0.0,1.0,1.0,1.0
4.0,18.0,1.0,0.01779350964747959,0.0,0.0,1.0,1.0,1.0
4.0,19.0,1.0,0.010046111096524507,0.0,1.0,1.0,1.0,0.0
4.0,20.0,1.0,-0.006859955051009647,0.0,0.0,0.0,1.0,1.0
4.0,21.0,1.0,-0.06451799541205375,0.0,0.0,1.0,1.0,1.0
4.0,22.0,1.0,-0.14115768665264095,0.0,1.0,1.0,1.0,1.0
4.0,23.0,1.0,-0.06786927985192855,0.0,1.0,1.0,1.0,1.0
4.0,24.0,1.0,0.014636804100726708,0.0,1.0,1.0,1.0,1.0
4.0,25.0,1.0,-0.1325909793423456,0.0,1.0,1.0,1.0,1.0
4.0,26.0,1.0,0.009458376738509182,0.0,1.0,0.0,1.0,0.0
4.0,27.0,1.0,0.03817965534075607,0.0,0.0,1.0,0.0,0.0
4.0,28.0,1.0,-0.038539013941597325,0.0,0.0,0.0,0.0,0.0
4.0,29.0,1.0,-0.14399440045218512,0.0,1.0,1.0,1.0,1.0
4.0,30.0,1.0,0.11437702896203605,0.0,1.0,1.0,0.0,1.0
4.0,31.0,1.0,0.18157500112483105,0.0,1.0,1.0,1.0,1.0
4.0,32.0,1.0,0.08197490506551866,0.0,1.0,1.0,1.0,1.0
4.0,33.0,1.0,-0.08436317668983943,0.0,1.0,1.0,1.0,0.0
4.0,34.0,1.0,0.0857216263705737,0.0,1.0,1.0,1.0,1.0
4.0,35.0,1.0,-0.12825289327562467,0.0,1.0,1.0,1.0,1.0
4.0,36.0,1.0,-0.045999749268891235,0.0,1.0,1.0,1.0,1.0
4.0,37.0,1.0,-0.0651179350518448,0.0,1.0,1.0,1.0,1.0
4.0,38.0,1.0,-0.10483372214710977,0.0,1.0,0.0,0.0,1.0
4.0,39.0,1.0,-0.2546220444354493,0.0,1.0,1.0,1.0,1.0
4.0,40.0,1.0,0.17419711175126196,0.0,1.0,1.0,1.0,1.0
4.0,41.0,1.0,-0.006721985799721535,0.0,1.0,0.0,1.0,1.0
4.0,42.0,1.0,-0.05683990213985753,0.0,0.0,1.0,1.0,1.0
4.0,43.0,1.0,0.09290359692511906,0.0,1.0,1.0,1.0,1.0
4.0,44.0,1.0,0.031787124385046786,0.0,1.0,1.0,1.0,1.0
4.0,45.0,1.0,-0.010301443125850409,0.0,1.0,1.0,1.0,1.0
4.0,46.0,1.0,-0.14488650770286574,0.0,0.0,0.0,0.0,1.0
4.0,47.0,1.0,0.014823646523101065,0.0,0.0,0.0,0.0,0.0
4.0,48.0,1.0,-0.1594331372688833,0.0,0.0,1.0,1.0,1.0
4.0,49.0,1.0,-0.09309416465581924,0.0,1.0,1.0,1.0,0.0
4.0,50.0,1.0,-0.01582999701366259,0.0,1.0,1.0,1.0,1.0
5.0,1.0,1.0,-0.07854647753616423,0.0,1.0,1.0,1.0,1.0
5.0,2.0,1.0,0.034777514155848795,0.0,1.0,1.0,1.0,0.0
5.0,3.0,1.0,0.019774831909865564,0.0,1.0,1.0,1.0,1.0
5.0,4.0,1.0,0.0069514743354244235,0.0,1.0,0.0,1.0,0.0
5.0,5.0,1.0,-0.1989936640550467,0.0,1.0,0.0,0.0,0.0
5.0,6.0,1.0,-0.07714242618933259,0.0,0.0,0.0,0.0,1.0
5.0,7.0,1.0,-0.11503656746500615,0.0,1.0,1.0,1.0,0.0
5.0,8.0,1.0,-0.2802041730216176,0.0,0.0,0.0,1.0,0.0
5.0,9.0,1.0,-0.23496816248022823,0.0,1.0,1.0,1.0,1.0
5.0,10.0,1.0,7.5876672307712e-5,0.0,1.0,1.0,1.0,1.0
5.0,11.0,1.0,-0.34974903988221373,0.0,1.0,1.0,1.0,1.0
5.0,12.0,1.0,-0.19741368299335607,0.0,0.0,1.0,1.0,1.0
5.0,13.0,1.0,-0.17891797965153966,0.0,1.0,0.0,0.0,1.0
5.0,14.0,1.0,-0.12748589458660378,0.0,0.0,0.0,0.0,1.0
5.0,15.0,1.0,-0.412061449942068,0.0,1.0,1.0,1.0,0.0
5.0,16.0,1.0,-0.3739892154664937,0.0,0.0,0.0,0.0,0.0
5.0,17.0,1.0,-0.28988221625389216,0.0,0.0,0.0,0.0,1.0
5.0,18.0,1.0,-0.4107565255213886,0.0,0.0,0.0,0.0,0.0
5.0,19.0,1.0,-0.18206140501353346,0.0,0.0,0.0,0.0,0.0
5.0,20.0,1.0,-0.5804772995876399,0.0,0.0,0.0,1.0,1.0
5.0,21.0,1.0,-0.44040843634785,0.0,0.0,1.0,0.0,0.0
5.0,22.0,1.0,-0.43493992723626096,0.0,1.0,1.0,0.0,1.0
5.0,23.0,1.0,-0.41073658487924414,0.0,1.0,1.0,1.0,1.0
5.0,24.0,1.0,-0.45965991137079953,0.0,0.0,1.0,0.0,0.0
5.0,25.0,1.0,-0.43215963240029404,0.0,0.0,1.0,1.0,0.0
5.0,26.0,1.0,-0.5510847599834301,0.0,0.0,1.0,0.0,0.0
5.0,27.0,1.0,-0.44263645604759094,0.0,1.0,1.0,0.0,1.0
5.0,28.0,1.0,-0.5743963606105708,0.0,0.0,1.0,0.0,1.0
5.0,29.0,1.0,-0.59358526271348,0.0,0.0,0.0,0.0,0.0
5.0,30.0,1.0,-0.4655987855880087,0.0,1.0,1.0,1.0,0.0
5.0,31.0,1.0,-0.6725157439674684,0.0,0.0,1.0,0.0,0.0
5.0,32.0,1.0,-0.5265012653186762,0.0,1.0,1.0,1.0,0.0
5.0,33.0,1.0,-0.7775371317556516,0.0,0.0,0.0,0.0,0.0
5.0,34.0,1.0,-0.7221552782466959,0.0,1.0,0.0,1.0,1.0
5.0,35.0,1.0,-0.540156344593665,0.0,0.0,1.0,1.0,0.0
5.0,36.0,1.0,-0.6275218430113904,0.0,1.0,1.0,1.0,1.0
5.0,37.0,1.0,-0.7438259156897168,0.0,1.0,1.0,0.0,0.0
5.0,38.0,1.0,-0.8118455002207678,0.0,1.0,1.0,1.0,1.0
5.0,39.0,1.0,-0.7385177367486299,0.0,0.0,0.0,0.0,0.0
5.0,40.0,1.0,-0.9019626927580859,0.0,0.0,1.0,0.0,0.0
5.0,41.0,1.0,-0.7518724901812323,0.0,1.0,1.0,0.0,1.0
5.0,42.0,1.0,-1.027055704162015,0.0,0.0,0.0,0.0,1.0
5.0,43.0,1.0,-0.9591825851136062,0.0,0.0,1.0,0.0,1.0
5.0,44.0,1.0,-0.9736356156638278,0.0,0.0,0.0,0.0,0.0
5.0,45.0,1.0,-0.8720946263372498,0.0,0.0,1.0,0.0,0.0
5.0,46.0,1.0,-1.0881114971144135,0.0,0.0,1.0,1.0,0.0
5.0,47.0,1.0,-0.8816880746789065,0.0,1.0,1.0,1.0,1.0
5.0,48.0,1.0,-0.8991912622021844,0.0,0.0,0.0,0.0,1.0
5.0,49.0,1.0,-1.1553101332598557,0.0,0.0,0.0,0.0,0.0
5.0,50.0,1.0,-0.9973547234884754,0.0,0.0,1.0,0.0,0.0
6.0,1.0,1.0,0.03736949431108186,0.0,0.0,0.0,0.0,0.0
6.0,2.0,1.0,0.04379151469584123,0.0,0.0,1.0,0.0,1.0
6.0,3.0,1.0,0.10095416857316182,0.0,1.0,1.0,1.0,1.0
6.0,4.0,1.0,0.21619564995102086,0.0,1.0,1.0,1.0,0.0
6.0,5.0,1.0,0.2431960730499623,0.0,1.0,1.0,1.0,1.0
6.0,6.0,1.0,0.2603197743699407,0.0,1.0,1.0,1.0,1.0
6.0,7.0,1.0,0.2456658419724611,0.0,1.0,1.0,1.0,1.0
6.0,8.0,1.0,0.30709258595220557,0.0,1.0,1.0,1.0,1.0
6.0,9.0,1.0,0.43508788413785165,0.0,1.0,1.0,1.0,1.0
6.0,10.0,1.0,0.3791148640530195,0.0,1.0,1.0,0.0,1.0
6.0,11.0,1.0,0.6002909894418234,0.0,1.0,1.0,1.0,0.0
6.0,12.0,1.0,0.585528662248644,0.0,1.0,1.0,1.0,1.0
6.0,13.0,1.0,0.6870867726708749,0.0,1.0,1.0,1.0,1.0
6.0,14.0,1.0,0.8044493013524389,0.0,1.0,1.0,1.0,1.0
6.0,15.0,1.0,0.4862729845595585,0.0,1.0,0.0,0.0,0.0
6.0,16.0,1.0,0.5072000491108228,0.0,1.0,1.0,1.0,1.0
6.0,17.0,1.0,0.9359146795523182,0.0,1.0,1.0,1.0,1.0
6.0,18.0,1.0,0.8418994966230346,0.0,1.0,1.0,1.0,1.0
6.0,19.0,1.0,1.0047246386888646,0.0,0.0,0.0,0.0,1.0
6.0,20.0,1.0,0.9693319839448881,0.0,1.0,1.0,1.0,1.0
6.0,21.0,1.0,1.0949203047034994,0.0,1.0,0.0,0.0,1.0
6.0,22.0,1.0,0.9636609704868156,0.0,1.0,0.0,0.0,0.0
6.0,23.0,1.0,1.0284870523924803,0.0,1.0,1.0,1.0,0.0
6.0,24.0,1.0,1.0725389523459032,0.0,0.0,0.0,1.0,1.0
6.0,25.0,1.0,1.1431574093954628,0.0,1.0,1.0,1.0,0.0
6.0,26.0,1.0,1.1910259374178263,0.0,1.0,1.0,1.0,1.0
6.0,27.0,1.0,1.2451656550549557,0.0,1.0,0.0,1.0,1.0
6.0,28.0,1.0,1.1388304866663461,0.0,1.0,1.0,1.0,1.0
6.0,29.0,1.0,1.1641776803037618,0.0,1.0,1.0,1.0,1.0
6.0,30.0,1.0,1.3879184536121376,0.0,1.0,1.0,1.0,1.0
6.0,31.0,1.0,1.3620709796825199,0.0,0.0,1.0,1.0,1.0
6.0,32.0,1.0,1.420753814649075,0.0,1.0,1.0,1.0,1.0
6.0,33.0,1.0,1.4964473012968498,0.0,0.0,0.0,1.0,1.0
6.0,34.0,1.0,1.6084535257386892,0.0,1.0,1.0,0.0,1.0
6.0,35.0,1.0,1.706752804708952,0.0,1.0,1.0,1.0,1.0
6.0,36.0,1.0,1.653205718560239,0.0,0.0,1.0,1.0,1.0
6.0,37.0,1.0,1.7594474337621704,0.0,1.0,1.0,1.0,1.0
6.0,38.0,1.0,1.8627743076081251,0.0,0.0,0.0,0.0,0.0
6.0,39.0,1.0,1.7430374128481234,0.0,1.0,1.0,1.0,1.0
6.0,40.0,1.0,1.7757972961152249,0.0,1.0,1.0,1.0,1.0
6.0,41.0,1.0,1.9194648842775448,0.0,1.0,1.0,1.0,1.0
6.0,42.0,1.0,1.8494194289557386,0.0,1.0,0.0,1.0,1.0
6.0,43.0,1.0,2.0337692317049245,0.0,1.0,1.0,1.0,1.0
6.0,44.0,1.0,1.9764148153224834,0.0,1.0,1.0,1.0,1.0
6.0,45.0,1.0,1.8575455685119582,0.0,1.0,0.0,1.0,0.0
6.0,46.0,1.0,2.0783504876692,0.0,1.0,1.0,1.0,0.0
6.0,47.0,1.0,1.988897231584198,0.0,0.0,1.0,0.0,1.0
6.0,48.0,1.0,2.1471469993971675,0.0,1.0,0.0,1.0,1.0
6.0,49.0,1.0,2.275548330297748,0.0,1.0,1.0,1.0,1.0
6.0,50.0,1.0,2.2555112611884405,0.0,1.0,1.0,0.0,1.0
7.0,1.0,1.0,0.017845253633835677,0.0,0.0,1.0,1.0,1.0
7.0,2.0,1.0,-0.21675499780898125,0.0,1.0,1.0,1.0,1.0
7.0,3.0,1.0,-0.09560477909285282,0.0,1.0,1.0,1.0,1.0
7.0,4.0,1.0,-0.06602483386012198,0.0,1.0,1.0,1.0,1.0
7.0,5.0,1.0,-0.18157126367189558,0.0,1.0,1.0,1.0,1.0
7.0,6.0,1.0,-0.36199544137803236,0.0,1.0,1.0,1.0,1.0
7.0,7.0,1.0,-0.20518505220915842,0.0,0.0,1.0,1.0,1.0
7.0,8.0,1.0,-0.05790582415906345,0.0,1.0,1.0,1.0,1.0
7.0,9.0,1.0,-0.29651879750446014,0.0,1.0,1.0,0.0,1.0
7.0,10.0,1.0,-0.33632337953936225,0.0,1.0,0.0,0.0,1.0
7.0,11.0,1.0,-0.4653235199845863,0.0,1.0,1.0,1.0,0.0
7.0,12.0,1.0,-0.4820846656342862,0.0,1.0,1.0,1.0,0.0
7.0,13.0,1.0,-0.6572819385660083,0.0,1.0,1.0,1.0,1.0
7.0,14.0,1.0,-0.5462372988045437,0.0,1.0,1.0,1.0,1.0
7.0,15.0,1.0,-0.6249062296411453,0.0,1.0,1.0,1.0,1.0
7.0,16.0,1.0,-0.45194265281379115,0.0,0.0,0.0,0.0,1.0
7.0,17.0,1.0,-0.5275615313728765,0.0,1.0,1.0,0.0,1.0
7.0,18.0,1.0,-0.5118978120410961,0.0,0.0,1.0,1.0,0.0
7.0,19.0,1.0,-0.7050751927836847,0.0,0.0,0.0,0.0,0.0
7.0,20.0,1.0,-0.6806702021534149,0.0,0.0,0.0,0.0,0.0
7.0,21.0,1.0,-0.5721652100146056,0.0,0.0,1.0,0.0,0.0
7.0,22.0,1.0,-0.86816533757369,0.0,0.0,1.0,0.0,0.0
7.0,23.0,1.0,-0.9408152183076713,0.0,1.0,0.0,1.0,0.0
7.0,24.0,1.0,-0.7181808451046227,0.0,0.0,0.0,0.0,0.0
7.0,25.0,1.0,-0.7503106076842226,0.0,1.0,0.0,0.0,0.0
7.0,26.0,1.0,-1.1067464686736757,0.0,0.0,0.0,0.0,0.0
7.0,27.0,1.0,-0.9953012405908238,0.0,1.0,0.0,0.0,1.0
7.0,28.0,1.0,-0.8314033830244122,0.0,0.0,0.0,0.0,1.0
7.0,29.0,1.0,-1.1789245573593483,0.0,0.0,0.0,0.0,0.0
7.0,30.0,1.0,-1.0083031090653314,0.0,1.0,0.0,0.0,0.0
7.0,31.0,1.0,-1.0963183021160172,0.0,0.0,0.0,0.0,0.0
7.0,32.0,1.0,-1.3584400587804901,0.0,0.0,1.0,0.0,0.0
7.0,33.0,1.0,-1.1907721856511513,0.0,0.0,0.0,0.0,0.0
7.0,34.0,1.0,-1.3809233026831347,0.0,0.0,0.0,0.0,0.0
7.0,35.0,1.0,-1.2772322413957755,0.0,1.0,0.0,0.0,0.0
7.0,36.0,1.0,-1.3170205132515695,0.0,0.0,0.0,0.0,0.0
7.0,37.0,1.0,-1.4704778039625745,0.0,0.0,0.0,0.0,0.0
7.0,38.0,1.0,-1.3237451970674459,0.0,1.0,0.0,0.0,0.0
7.0,39.0,1.0,-1.3352165187637477,0.0,0.0,1.0,0.0,0.0
7.0,40.0,1.0,-1.4332762536858905,0.0,0.0,1.0,0.0,0.0
7.0,41.0,1.0,-1.3516205161137291,0.0,0.0,0.0,0.0,1.0
7.0,42.0,1.0,-1.369794288252987,0.0,0.0,0.0,0.0,1.0
7.0,43.0,1.0,-1.4068862101073825,0.0,0.0,0.0,0.0,1.0
7.0,44.0,1.0,-1.4400687959311345,0.0,1.0,0.0,0.0,0.0
7.0,45.0,1.0,-1.5890959266989328,0.0,1.0,0.0,0.0,0.0
7.0,46.0,1.0,-1.5997188505809599,0.0,0.0,1.0,0.0,1.0
7.0,47.0,1.0,-1.6179696538102792,0.0,0.0,0.0,0.0,0.0
7.0,48.0,1.0,-1.7478175988334217,0.0,1.0,0.0,1.0,0.0
7.0,49.0,1.0,-1.6312786048727104,0.0,0.0,0.0,1.0,1.0
7.0,50.0,1.0,-1.8151499798803394,0.0,0.0,1.0,0.0,0.0
8.0,1.0,1.0,0.07143875920179141,0.0,1.0,1.0,1.0,1.0
8.0,2.0,1.0,0.1543712005885351,0.0,1.0,1.0,1.0,0.0
8.0,3.0,1.0,0.16732065802679572,0.0,1.0,0.0,0.0,1.0
8.0,4.0,1.0,0.12070452824889741,0.0,1.0,1.0,1.0,0.0
8.0,5.0,1.0,0.3023774139140384,0.0,1.0,1.0,1.0,1.0
8.0,6.0,1.0,0.19787650123117245,0.0,1.0,1.0,1.0,1.0
8.0,7.0,1.0,0.3715575750583886,0.0,1.0,1.0,0.0,1.0
8.0,8.0,1.0,0.4813214731408918,0.0,1.0,1.0,1.0,0.0
8.0,9.0,1.0,0.4106891275825357,0.0,1.0,1.0,1.0,0.0
8.0,10.0,1.0,0.2937352872461354,0.0,1.0,0.0,1.0,1.0
8.0,11.0,1.0,0.47153297343667044,0.0,1.0,1.0,1.0,0.0
8.0,12.0,1.0,0.5629076892204075,0.0,1.0,0.0,0.0,0.0
8.0,13.0,1.0,0.4805107634120591,0.0,1.0,1.0,1.0,1.0
8.0,14.0,1.0,0.6370352901356474,0.0,1.0,1.0,1.0,0.0
8.0,15.0,1.0,0.5737216744834936,0.0,1.0,0.0,1.0,1.0
8.0,16.0,1.0,0.7184707773910023,0.0,1.0,1.0,1.0,0.0
8.0,17.0,1.0,0.7232443450511777,0.0,1.0,0.0,1.0,1.0
8.0,18.0,1.0,0.5779431203133932,0.0,1.0,1.0,0.0,1.0
8.0,19.0,1.0,0.8701231370321311,0.0,1.0,1.0,1.0,1.0
8.0,20.0,1.0,0.7777167580514586,0.0,0.0,1.0,1.0,1.0
8.0,21.0,1.0,1.1361756832671197,0.0,0.0,1.0,1.0,1.0
8.0,22.0,1.0,1.1745437489085626,0.0,1.0,1.0,0.0,0.0
8.0,23.0,1.0,1.0377973591248966,0.0,1.0,1.0,1.0,1.0
8.0,24.0,1.0,1.3354978138996507,0.0,1.0,1.0,1.0,1.0
8.0,25.0,1.0,1.1110121299553803,0.0,1.0,1.0,1.0,1.0
8.0,26.0,1.0,0.9510263324501758,0.0,1.0,1.0,1.0,1.0
8.0,27.0,1.0,1.1426583576871172,0.0,1.0,1.0,1.0,1.0
8.0,28.0,1.0,1.3152598435688525,0.0,1.0,1.0,1.0,1.0
8.0,29.0,1.0,1.3822000972865804,0.0,1.0,1.0,1.0,1.0
8.0,30.0,1.0,1.4066798933644757,0.0,1.0,1.0,1.0,1.0
8.0,31.0,1.0,1.3657961154769296,0.0,1.0,1.0,1.0,1.0
8.0,32.0,1.0,1.5710615674605017,0.0,1.0,1.0,1.0,1.0
8.0,33.0,1.0,1.4432272448306116,0.0,0.0,1.0,1.0,1.0
8.0,34.0,1.0,1.3631530396134839,0.0,0.0,1.0,1.0,0.0
8.0,35.0,1.0,1.4938014265448711,0.0,1.0,1.0,1.0,1.0
8.0,36.0,1.0,1.6417847390446008,0.0,0.0,1.0,0.0,0.0
8.0,37.0,1.0,1.8289841344753563,0.0,1.0,1.0,1.0,1.0
8.0,38.0,1.0,1.526315016225151,0.0,1.0,1.0,1.0,1.0
8.0,39.0,1.0,1.8298619265734244,0.0,1.0,0.0,1.0,1.0
8.0,40.0,1.0,1.8643749466033728,0.0,1.0,1.0,1.0,1.0
8.0,41.0,1.0,1.920140879798455,0.0,0.0,1.0,1.0,1.0
8.0,42.0,1.0,1.8105421101557067,0.0,1.0,1.0,1.0,1.0
8.0,43.0,1.0,1.762634025405099,0.0,1.0,1.0,1.0,1.0
8.0,44.0,1.0,2.1969767942304617,0.0,0.0,1.0,1.0,1.0
8.0,45.0,1.0,2.015377167324629,0.0,0.0,0.0,1.0,1.0
8.0,46.0,1.0,2.148723986007245,0.0,1.0,1.0,1.0,1.0
8.0,47.0,1.0,2.136683728412175,0.0,0.0,0.0,0.0,1.0
8.0,48.0,1.0,2.2138547196749268,0.0,1.0,0.0,1.0,1.0
8.0,49.0,1.0,2.2189346387231987,0.0,0.0,1.0,1.0,0.0
8.0,50.0,1.0,2.2918375716662918,0.0,1.0,1.0,1.0,1.0
9.0,1.0,1.0,-0.031231423684450338,0.0,1.0,1.0,1.0,1.0
9.0,2.0,1.0,0.06092678447988968,0.0,1.0,1.0,0.0,1.0
9.0,3.0,1.0,-0.10992271079581886,0.0,0.0,1.0,1.0,0.0
9.0,4.0,1.0,-0.057518736812038146,0.0,1.0,0.0,1.0,0.0
9.0,5.0,1.0,0.004113578850606296,0.0,1.0,1.0,1.0,1.0
9.0,6.0,1.0,-0.06949245452860388,0.0,1.0,1.0,1.0,1.0
9.0,7.0,1.0,0.11099178731047911,0.0,1.0,1.0,1.0,1.0
9.0,8.0,1.0,0.1329726641245184,0.0,1.0,1.0,1.0,0.0
9.0,9.0,1.0,0.04963014197339379,0.0,1.0,1.0,1.0,1.0
9.0,10.0,1.0,-0.2047163309674295,0.0,1.0,1.0,1.0,1.0
9.0,11.0,1.0,-0.2584236476029718,0.0,1.0,1.0,1.0,1.0
9.0,12.0,1.0,0.05170711641961029,0.0,0.0,0.0,1.0,1.0
9.0,13.0,1.0,0.24321681710884407,0.0,0.0,0.0,0.0,0.0
9.0,14.0,1.0,-0.04374998645178091,0.0,1.0,0.0,1.0,1.0
9.0,15.0,1.0,-0.014240679295468926,0.0,1.0,0.0,1.0,1.0
9.0,16.0,1.0,-0.019237564982859397,0.0,1.0,1.0,0.0,0.0
9.0,17.0,1.0,-0.04420135727089739,0.0,0.0,1.0,1.0,1.0
9.0,18.0,1.0,-0.033132132532974756,0.0,1.0,0.0,0.0,1.0
9.0,19.0,1.0,-0.051437193744988105,0.0,1.0,1.0,1.0,1.0
9.0,20.0,1.0,0.027197041847414484,0.0,1.0,1.0,1.0,1.0
9.0,21.0,1.0,0.2573150919376435,0.0,0.0,0.0,0.0,0.0
9.0,22.0,1.0,0.011158749751516858,0.0,1.0,1.0,1.0,1.0
9.0,23.0,1.0,0.046958921254995886,0.0,0.0,1.0,1.0,1.0
9.0,24.0,1.0,-0.07925078405047538,0.0,0.0,1.0,1.0,0.0
9.0,25.0,1.0,-0.0927232232448196,0.0,1.0,1.0,1.0,1.0
9.0,26.0,1.0,0.07858113076734327,0.0,1.0,1.0,1.0,1.0
9.0,27.0,1.0,-0.09028652809357332,0.0,1.0,1.0,0.0,0.0
9.0,28.0,1.0,0.0915185609986587,0.0,1.0,1.0,1.0,1.0
9.0,29.0,1.0,0.048424214915368066,0.0,1.0,1.0,0.0,1.0
9.0,30.0,1.0,-0.049633185573696545,0.0,1.0,1.0,1.0,1.0
9.0,31.0,1.0,-0.03948921689141255,0.0,1.0,1.0,0.0,1.0
9.0,32.0,1.0,0.21561166561363868,0.0,1.0,1.0,1.0,1.0
9.0,33.0,1.0,0.06797800031664236,0.0,1.0,1.0,1.0,1.0
9.0,34.0,1.0,0.1784407330767029,0.0,1.0,1.0,1.0,1.0
9.0,35.0,1.0,0.0405268929129556,0.0,1.0,1.0,1.0,1.0
9.0,36.0,1.0,0.028709697953376852,0.0,1.0,1.0,1.0,1.0
9.0,37.0,1.0,0.13458650972642722,0.0,1.0,1.0,1.0,0.0
9.0,38.0,1.0,0.09404684117898329,0.0,1.0,1.0,1.0,1.0
9.0,39.0,1.0,-0.017823676141031093,0.0,1.0,1.0,1.0,1.0
9.0,40.0,1.0,0.05888984037582956,0.0,0.0,1.0,1.0,0.0
9.0,41.0,1.0,0.05319796511626202,0.0,0.0,0.0,0.0,0.0
9.0,42.0,1.0,-0.13894826313952355,0.0,1.0,0.0,0.0,0.0
9.0,43.0,1.0,0.08322454505558198,0.0,0.0,0.0,0.0,0.0
9.0,44.0,1.0,0.06555318948851736,0.0,0.0,0.0,0.0,1.0
9.0,45.0,1.0,-0.057384058945778776,0.0,0.0,0.0,0.0,0.0
9.0,46.0,1.0,0.15130012572826917,0.0,0.0,1.0,0.0,1.0
9.0,47.0,1.0,0.22200301523867227,0.0,1.0,1.0,1.0,1.0
9.0,48.0,1.0,0.1157163653908983,0.0,1.0,1.0,1.0,1.0
9.0,49.0,1.0,0.09025526277368046,0.0,0.0,1.0,1.0,1.0
9.0,50.0,1.0,0.02930269307186647,0.0,1.0,1.0,0.0,1.0
10.0,1.0,1.0,0.050359066723917226,0.0,1.0,1.0,1.0,1.0
10.0,2.0,1.0,-0.02653383073058694,0.0,1.0,1.0,1.0,1.0
10.0,3.0,1.0,0.1798941199910232,0.0,1.0,0.0,0.0,1.0
10.0,4.0,1.0,0.31578871285075605,0.0,0.0,1.0,1.0,0.0
10.0,5.0,1.0,0.1687336923538069,0.0,0.0,1.0,1.0,0.0
10.0,6.0,1.0,0.10947023580378278,0.0,0.0,0.0,0.0,0.0
10.0,7.0,1.0,0.17442880639178096,0.0,0.0,0.0,0.0,0.0
10.0,8.0,1.0,0.13042748719975109,0.0,1.0,0.0,0.0,0.0
10.0,9.0,1.0,0.003699509232581305,0.0,1.0,1.0,1.0,1.0
10.0,10.0,1.0,0.10303574458993842,0.0,0.0,0.0,1.0,1.0
10.0,11.0,1.0,0.11298190156329344,0.0,1.0,1.0,1.0,1.0
10.0,12.0,1.0,0.20471652622255052,0.0,1.0,1.0,1.0,1.0
10.0,13.0,1.0,-0.08672491079518546,0.0,1.0,1.0,1.0,1.0
10.0,14.0,1.0,0.2420491215732536,0.0,1.0,0.0,0.0,1.0
10.0,15.0,1.0,0.09122963078980593,0.0,1.0,0.0,0.0,0.0
10.0,16.0,1.0,0.10547819290999935,0.0,1.0,0.0,0.0,0.0
10.0,17.0,1.0,0.20201229365595588,0.0,1.0,0.0,0.0,1.0
10.0,18.0,1.0,0.4458105255336868,0.0,1.0,0.0,0.0,1.0
10.0,19.0,1.0,0.15734307627038643,0.0,1.0,1.0,0.0,1.0
10.0,20.0,1.0,0.3205453979251807,0.0,1.0,1.0,1.0,1.0
10.0,21.0,1.0,0.3411516159471034,0.0,0.0,1.0,1.0,0.0
10.0,22.0,1.0,0.21008565593513737,0.0,1.0,1.0,1.0,0.0
10.0,23.0,1.0,0.4575791585305742,0.0,1.0,1.0,0.0,1.0
10.0,24.0,1.0,0.27589847222343905,0.0,1.0,1.0,1.0,1.0
10.0,25.0,1.0,0.2599897304785351,0.0,0.0,1.0,1.0,0.0
10.0,26.0,1.0,0.36112314445076354,0.0,1.0,0.0,0.0,0.0
10.0,27.0,1.0,0.431030270707359,0.0,0.0,0.0,0.0,0.0
10.0,28.0,1.0,0.33601993746093906,0.0,0.0,1.0,0.0,0.0
10.0,29.0,1.0,0.2897098618905745,0.0,0.0,0.0,0.0,0.0
10.0,30.0,1.0,0.3070301269680097,0.0,0.0,1.0,0.0,0.0
10.0,31.0,1.0,0.34165898558223967,0.0,1.0,1.0,1.0,1.0
10.0,32.0,1.0,0.26893690104411566,0.0,1.0,0.0,1.0,0.0
10.0,33.0,1.0,0.5517106628758914,0.0,1.0,1.0,1.0,1.0
10.0,34.0,1.0,0.3591894621995584,0.0,1.0,1.0,1.0,1.0
10.0,35.0,1.0,0.43629828315639607,0.0,1.0,1.0,1.0,1.0
10.0,36.0,1.0,0.3216179126149461,0.0,1.0,1.0,1.0,1.0
10.0,37.0,1.0,0.4910862505678926,0.0,1.0,1.0,1.0,1.0
10.0,38.0,1.0,0.17861803132049792,0.0,1.0,1.0,1.0,1.0
10.0,39.0,1.0,0.3948564927887782,0.0,1.0,1.0,1.0,1.0
10.0,40.0,1.0,0.5235972383296875,0.0,0.0,1.0,1.0,1.0
10.0,41.0,1.0,0.49273225199472653,0.0,1.0,1.0,1.0,0.0
10.0,42.0,1.0,0.6445612581589888,0.0,0.0,1.0,1.0,0.0
10.0,43.0,1.0,0.5528749188306507,0.0,1.0,1.0,1.0,1.0
10.0,44.0,1.0,0.5176592758330846,0.0,1.0,1.0,1.0,1.0
10.0,45.0,1.0,0.3288405333104907,0.0,1.0,1.0,1.0,1.0
10.0,46.0,1.0,0.5878403387703236,0.0,1.0,0.0,1.0,1.0
10.0,47.0,1.0,0.5352120448599234,0.0,1.0,1.0,1.0,1.0
10.0,48.0,1.0,0.5296585379970185,0.0,1.0,0.0,0.0,0.0
10.0,49.0,1.0,0.43045472421183617,0.0,1.0,0.0,0.0,1.0
10.0,50.0,1.0,0.5451232672516713,0.0,0.0,0.0,0.0,0.0
11.0,1.0,1.0,-0.018998395698480976,1.0,0.0,0.0,0.0,0.0
11.0,2.0,1.0,0.038974840753455815,1.0,1.0,0.0,0.0,1.0
11.0,3.0,1.0,0.24793405583548828,1.0,0.0,0.0,0.0,0.0
11.0,4.0,1.0,0.08055393303439078,1.0,1.0,0.0,1.0,0.0
11.0,5.0,1.0,0.07369701428202119,1.0,0.0,0.0,1.0,0.0
11.0,6.0,1.0,-0.0004042079168331547,1.0,1.0,0.0,0.0,0.0
11.0,7.0,1.0,0.09290989773829841,1.0,1.0,1.0,0.0,0.0
11.0,8.0,1.0,-0.053811302537761806,1.0,1.0,1.0,0.0,1.0
11.0,9.0,1.0,0.07047061511585609,1.0,0.0,1.0,1.0,1.0
11.0,10.0,1.0,-0.04153994566787998,1.0,1.0,0.0,1.0,1.0
11.0,11.0,1.0,0.018679161534298466,1.0,1.0,1.0,1.0,1.0
11.0,12.0,1.0,0.011323234391422146,1.0,1.0,1.0,1.0,1.0
11.0,13.0,1.0,0.03815295433977128,1.0,1.0,1.0,1.0,1.0
11.0,14.0,1.0,-0.015414135692354149,1.0,1.0,0.0,1.0,1.0
11.0,15.0,1.0,-0.13930275513655596,1.0,1.0,1.0,1.0,1.0
11.0,16.0,1.0,-0.0625429057840502,1.0,1.0,1.0,1.0,1.0
11.0,17.0,1.0,-0.02315474353914282,1.0,1.0,1.0,1.0,1.0
11.0,18.0,1.0,-0.1613617302809201,1.0,0.0,1.0,0.0,0.0
11.0,19.0,1.0,-0.11369293656931606,1.0,0.0,0.0,0.0,0.0
11.0,20.0,1.0,-0.17397978568641173,1.0,0.0,0.0,0.0,1.0
11.0,21.0,1.0,-0.1525485523448859,1.0,0.0,0.0,1.0,0.0
11.0,22.0,1.0,0.09781554443571941,1.0,1.0,0.0,1.0,1.0
11.0,23.0,1.0,0.0544637886906027,1.0,1.0,1.0,0.0,0.0
11.0,24.0,1.0,-0.0741939301761315,1.0,0.0,1.0,1.0,1.0
11.0,25.0,1.0,-0.08430526434620826,1.0,1.0,1.0,1.0,0.0
11.0,26.0,1.0,-0.1402843581828641,1.0,0.0,1.0,1.0,1.0
11.0,27.0,1.0,-0.06858919229276297,1.0,0.0,1.0,1.0,0.0
11.0,28.0,1.0,-0.2565426202978436,1.0,1.0,1.0,1.0,1.0
11.0,29.0,1.0,-0.025250413560730642,1.0,1.0,1.0,1.0,0.0
11.0,30.0,1.0,-0.2574107674054453,1.0,1.0,0.0,0.0,1.0
11.0,31.0,1.0,-0.012168835710416645,1.0,0.0,0.0,0.0,1.0
11.0,32.0,1.0,-0.18914229616460332,1.0,1.0,1.0,1.0,1.0
11.0,33.0,1.0,-0.19006460139030004,1.0,1.0,1.0,1.0,1.0
11.0,34.0,1.0,-0.15966791815464595,1.0,1.0,1.0,1.0,1.0
11.0,35.0,1.0,-0.09753718391436236,1.0,1.0,1.0,1.0,1.0
11.0,36.0,1.0,-0.07825999627934026,1.0,1.0,1.0,1.0,1.0
11.0,37.0,1.0,-0.008341921759921184,1.0,1.0,1.0,1.0,0.0
11.0,38.0,1.0,0.061519752897402274,1.0,1.0,1.0,1.0,0.0
11.0,39.0,1.0,-0.013123791225103432,1.0,1.0,1.0,1.0,0.0
11.0,40.0,1.0,-0.10004652275215001,1.0,1.0,0.0,1.0,1.0
11.0,41.0,1.0,-0.2179311619191895,1.0,1.0,1.0,1.0,0.0
11.0,42.0,1.0,-0.11945318559063135,1.0,0.0,1.0,0.0,1.0
11.0,43.0,1.0,-0.20991905673028355,1.0,0.0,1.0,0.0,0.0
11.0,44.0,1.0,-0.11668962853962253,1.0,1.0,0.0,0.0,0.0
11.0,45.0,1.0,-0.12984394814854033,1.0,1.0,1.0,0.0,1.0
11.0,46.0,1.0,-0.1436757304104776,1.0,1.0,1.0,1.0,1.0
11.0,47.0,1.0,-0.14007833214295765,1.0,1.0,0.0,1.0,1.0
11.0,48.0,1.0,-0.30528923347128023,1.0,1.0,1.0,1.0,1.0
11.0,49.0,1.0,-0.2418905001810239,1.0,0.0,0.0,1.0,1.0
11.0,50.0,1.0,-0.2191676774012437,1.0,0.0,1.0,1.0,1.0
12.0,1.0,1.0,0.11874873537692279,1.0,1.0,0.0,0.0,0.0
12.0,2.0,1.0,-0.01699964016732703,1.0,0.0,0.0,0.0,0.0
12.0,3.0,1.0,-0.044761636078256034,1.0,0.0,0.0,0.0,1.0
12.0,4.0,1.0,-0.09835731956968706,1.0,1.0,0.0,0.0,0.0
12.0,5.0,1.0,-0.024276646941497407,1.0,1.0,1.0,1.0,1.0
12.0,6.0,1.0,-0.17029709797623233,1.0,0.0,0.0,1.0,1.0
12.0,7.0,1.0,-0.1586221171913602,1.0,1.0,1.0,1.0,1.0
12.0,8.0,1.0,-0.14744388565693695,1.0,1.0,1.0,1.0,1.0
12.0,9.0,1.0,-0.3702140261566476,1.0,1.0,1.0,1.0,1.0
12.0,10.0,1.0,-0.26224781779156237,1.0,1.0,1.0,1.0,1.0
12.0,11.0,1.0,-0.48222749623790306,1.0,1.0,1.0,1.0,1.0
12.0,12.0,1.0,-0.27370870559892313,1.0,1.0,1.0,0.0,1.0
12.0,13.0,1.0,-0.5836567939861848,1.0,1.0,0.0,1.0,1.0
12.0,14.0,1.0,-0.15660030922539495,1.0,0.0,1.0,0.0,0.0
12.0,15.0,1.0,-0.28789900071242613,1.0,1.0,0.0,0.0,0.0
12.0,16.0,1.0,-0.4778326024863273,1.0,0.0,0.0,0.0,1.0
12.0,17.0,1.0,-0.5382945989888918,1.0,0.0,0.0,0.0,0.0
12.0,18.0,1.0,-0.42491125934681057,1.0,0.0,0.0,0.0,0.0
12.0,19.0,1.0,-0.6825407901854879,1.0,0.0,0.0,0.0,0.0
12.0,20.0,1.0,-0.5718764185698542,1.0,0.0,0.0,0.0,0.0
12.0,21.0,1.0,-0.4564317282136019,1.0,0.0,0.0,0.0,1.0
12.0,22.0,1.0,-0.6104855007905756,1.0,0.0,0.0,0.0,0.0
12.0,23.0,1.0,-0.6983861803135661,1.0,1.0,1.0,0.0,0.0
12.0,24.0,1.0,-0.6435467773024492,1.0,0.0,0.0,1.0,0.0
12.0,25.0,1.0,-0.7384739387300348,1.0,1.0,0.0,0.0,0.0
12.0,26.0,1.0,-0.57201764147976,1.0,1.0,1.0,1.0,0.0
12.0,27.0,1.0,-0.87029446129717,1.0,1.0,1.0,1.0,1.0
12.0,28.0,1.0,-0.6676103136237277,1.0,1.0,1.0,1.0,1.0
12.0,29.0,1.0,-0.9503177472972187,1.0,0.0,1.0,0.0,1.0
12.0,30.0,1.0,-0.8107372357830871,1.0,0.0,1.0,1.0,1.0
12.0,31.0,1.0,-0.8951435523145242,1.0,1.0,1.0,0.0,0.0
12.0,32.0,1.0,-0.9311465938857864,1.0,1.0,1.0,1.0,1.0
12.0,33.0,1.0,-0.9081448095536804,1.0,0.0,0.0,0.0,0.0
12.0,34.0,1.0,-0.8107477578130587,1.0,1.0,0.0,0.0,1.0
12.0,35.0,1.0,-0.9162079504425031,1.0,0.0,0.0,0.0,0.0
12.0,36.0,1.0,-1.1574186864588842,1.0,1.0,0.0,0.0,0.0
12.0,37.0,1.0,-0.9590533132695117,1.0,1.0,0.0,1.0,0.0
12.0,38.0,1.0,-1.13905008414114,1.0,0.0,0.0,0.0,0.0
12.0,39.0,1.0,-1.27988052747581,1.0,0.0,0.0,0.0,0.0
12.0,40.0,1.0,-0.9273478173618203,1.0,0.0,1.0,0.0,0.0
12.0,41.0,1.0,-0.9106651588284492,1.0,0.0,0.0,0.0,0.0
12.0,42.0,1.0,-1.1516662662657888,1.0,0.0,0.0,0.0,0.0
12.0,43.0,1.0,-1.225730384620009,1.0,0.0,0.0,0.0,0.0
12.0,44.0,1.0,-1.4298168120882524,1.0,1.0,0.0,0.0,0.0
12.0,45.0,1.0,-1.1400390608860282,1.0,1.0,0.0,0.0,0.0
12.0,46.0,1.0,-1.2192103133812573,1.0,0.0,1.0,1.0,1.0
12.0,47.0,1.0,-1.3022573603103942,1.0,1.0,0.0,0.0,1.0
12.0,48.0,1.0,-1.210862540179507,1.0,1.0,1.0,1.0,1.0
12.0,49.0,1.0,-1.4142024014666186,1.0,0.0,1.0,0.0,1.0
12.0,50.0,1.0,-1.2254967186434298,1.0,0.0,1.0,1.0,0.0
13.0,1.0,1.0,0.04902252316487572,1.0,0.0,0.0,0.0,0.0
13.0,2.0,1.0,0.1722080174354147,1.0,0.0,0.0,0.0,0.0
13.0,3.0,1.0,0.07679981945796327,1.0,0.0,0.0,0.0,0.0
13.0,4.0,1.0,0.1420614743617115,1.0,0.0,1.0,0.0,0.0
13.0,5.0,1.0,0.3143980545855243,1.0,1.0,0.0,1.0,1.0
13.0,6.0,1.0,0.22968188820552413,1.0,1.0,1.0,1.0,1.0
13.0,7.0,1.0,0.15794049864170737,1.0,1.0,1.0,1.0,1.0
13.0,8.0,1.0,0.44476859153614146,1.0,1.0,1.0,1.0,1.0
13.0,9.0,1.0,0.3140353220388344,1.0,1.0,1.0,0.0,0.0
13.0,10.0,1.0,0.23235166783707512,1.0,1.0,1.0,1.0,1.0
13.0,11.0,1.0,0.29105538416420196,1.0,1.0,0.0,1.0,1.0
13.0,12.0,1.0,0.4264922034897409,1.0,1.0,1.0,1.0,0.0
13.0,13.0,1.0,0.2712045509349751,1.0,1.0,1.0,1.0,1.0
13.0,14.0,1.0,0.34394545794547204,1.0,1.0,1.0,1.0,1.0
13.0,15.0,1.0,0.5985620719401444,1.0,1.0,0.0,1.0,1.0
13.0,16.0,1.0,0.3864925332519679,1.0,0.0,1.0,0.0,1.0
13.0,17.0,1.0,0.46811824063303575,1.0,1.0,1.0,1.0,0.0
13.0,18.0,1.0,0.4301401911998073,1.0,1.0,1.0,1.0,1.0
13.0,19.0,1.0,0.6302381682234106,1.0,1.0,0.0,1.0,1.0
13.0,20.0,1.0,0.46768737192393817,1.0,1.0,1.0,1.0,1.0
13.0,21.0,1.0,0.6662019698382889,1.0,1.0,1.0,1.0,1.0
13.0,22.0,1.0,0.6985031080816527,1.0,1.0,1.0,1.0,1.0
13.0,23.0,1.0,0.8435714125810612,1.0,1.0,1.0,1.0,1.0
13.0,24.0,1.0,0.8456065418425118,1.0,1.0,1.0,1.0,1.0
13.0,25.0,1.0,0.8816493333708231,1.0,1.0,1.0,1.0,1.0
13.0,26.0,1.0,1.0079519769254301,1.0,1.0,1.0,1.0,1.0
13.0,27.0,1.0,0.8807271609110653,1.0,1.0,1.0,1.0,1.0
13.0,28.0,1.0,0.8289182329070622,1.0,0.0,1.0,1.0,1.0
13.0,29.0,1.0,0.9067249947505021,1.0,1.0,1.0,1.0,1.0
13.0,30.0,1.0,0.9976020610173887,1.0,0.0,1.0,1.0,0.0
13.0,31.0,1.0,0.9929402297975558,1.0,1.0,1.0,1.0,1.0
13.0,32.0,1.0,1.0828161159499476,1.0,1.0,1.0,1.0,1.0
13.0,33.0,1.0,1.3327527717210135,1.0,0.0,1.0,1.0,1.0
13.0,34.0,1.0,1.2714585703373882,1.0,1.0,1.0,1.0,1.0
13.0,35.0,1.0,0.9946922825773711,1.0,1.0,1.0,1.0,1.0
13.0,36.0,1.0,1.3153092929890327,1.0,1.0,1.0,1.0,0.0
13.0,37.0,1.0,1.1409550580113634,1.0,1.0,1.0,1.0,1.0
13.0,38.0,1.0,1.3092522268746378,1.0,1.0,1.0,1.0,1.0
13.0,39.0,1.0,1.123458583187482,1.0,1.0,0.0,1.0,1.0
13.0,40.0,1.0,1.339760010191346,1.0,1.0,1.0,1.0,1.0
13.0,41.0,1.0,1.39965056183011,1.0,1.0,1.0,1.0,1.0
13.0,42.0,1.0,1.515144513733877,1.0,1.0,1.0,0.0,1.0
13.0,43.0,1.0,1.3481251409337662,1.0,1.0,0.0,1.0,1.0
13.0,44.0,1.0,1.469734255498195,1.0,1.0,0.0,1.0,1.0
13.0,45.0,1.0,1.3932576191766652,1.0,1.0,1.0,1.0,1.0
13.0,46.0,1.0,1.5071591250101843,1.0,1.0,1.0,1.0,1.0
13.0,47.0,1.0,1.415137222929299,1.0,0.0,0.0,0.0,0.0
13.0,48.0,1.0,1.6241222012205168,1.0,1.0,1.0,1.0,1.0
13.0,49.0,1.0,1.497802174246035,1.0,1.0,1.0,0.0,1.0
13.0,50.0,1.0,1.590068654112292,1.0,1.0,1.0,1.0,1.0
14.0,1.0,1.0,0.07483190371658752,1.0,0.0,1.0,0.0,1.0
14.0,2.0,1.0,0.06800581136124541,1.0,1.0,1.0,1.0,1.0
14.0,3.0,1.0,0.07809675404310527,1.0,1.0,1.0,1.0,1.0
14.0,4.0,1.0,0.30248255827574677,1.0,1.0,1.0,1.0,1.0
14.0,5.0,1.0,0.1787238824299651,1.0,1.0,0.0,1.0,1.0
14.0,6.0,1.0,0.35631734149686184,1.0,1.0,1.0,1.0,1.0
14.0,7.0,1.0,0.5239512619038387,1.0,1.0,0.0,1.0,1.0
14.0,8.0,1.0,0.29184665488541717,1.0,1.0,1.0,1.0,0.0
14.0,9.0,1.0,0.2775576345456777,1.0,1.0,1.0,1.0,1.0
14.0,10.0,1.0,0.4156688547814947,1.0,1.0,1.0,1.0,0.0
14.0,11.0,1.0,0.5310311345256724,1.0,1.0,1.0,1.0,1.0
14.0,12.0,1.0,0.6405563045838004,1.0,1.0,0.0,0.0,1.0
14.0,13.0,1.0,0.5574711265264757,1.0,1.0,1.0,1.0,1.0
14.0,14.0,1.0,0.6799228938758228,1.0,1.0,1.0,1.0,1.0
14.0,15.0,1.0,0.6693156627916886,1.0,0.0,0.0,1.0,1.0
14.0,16.0,1.0,0.5274721826300492,1.0,1.0,1.0,1.0,1.0
14.0,17.0,1.0,0.6699520421673354,1.0,1.0,1.0,1.0,0.0
14.0,18.0,1.0,0.9329934346035108,1.0,1.0,0.0,1.0,1.0
14.0,19.0,1.0,0.7660040567918521,1.0,1.0,1.0,1.0,1.0
14.0,20.0,1.0,0.8346652652878124,1.0,1.0,1.0,0.0,1.0
14.0,21.0,1.0,0.60556968026549,1.0,1.0,0.0,1.0,1.0
14.0,22.0,1.0,1.0859331863273916,1.0,0.0,1.0,1.0,1.0
14.0,23.0,1.0,0.9690877661930967,1.0,0.0,1.0,0.0,0.0
14.0,24.0,1.0,1.103331115232594,1.0,1.0,0.0,1.0,0.0
14.0,25.0,1.0,1.151603037280922,1.0,1.0,1.0,1.0,1.0
14.0,26.0,1.0,1.2503948863279541,1.0,1.0,1.0,1.0,1.0
14.0,27.0,1.0,1.1707505274274088,1.0,1.0,1.0,1.0,1.0
14.0,28.0,1.0,1.0982951436298847,1.0,1.0,0.0,1.0,1.0
14.0,29.0,1.0,1.1002956743835617,1.0,1.0,1.0,0.0,1.0
14.0,30.0,1.0,1.17162275652613,1.0,1.0,1.0,1.0,1.0
14.0,31.0,1.0,1.1360507029760052,1.0,1.0,0.0,1.0,1.0
14.0,32.0,1.0,1.2863135465629034,1.0,1.0,1.0,1.0,1.0
14.0,33.0,1.0,1.2422992854938175,1.0,1.0,1.0,1.0,1.0
14.0,34.0,1.0,1.4790956335364251,1.0,1.0,1.0,1.0,1.0
14.0,35.0,1.0,1.407786406160871,1.0,1.0,1.0,1.0,1.0
14.0,36.0,1.0,1.5136722534972504,1.0,1.0,1.0,1.0,1.0
14.0,37.0,1.0,1.6254247505644543,1.0,1.0,1.0,1.0,1.0
14.0,38.0,1.0,1.5679826181364498,1.0,1.0,1.0,1.0,1.0
14.0,39.0,1.0,1.5752532870897324,1.0,0.0,1.0,1.0,1.0
14.0,40.0,1.0,1.554998104082846,1.0,1.0,1.0,1.0,1.0
14.0,41.0,1.0,1.6438801857483931,1.0,1.0,1.0,1.0,1.0
14.0,42.0,1.0,1.8345680009707068,1.0,1.0,1.0,1.0,0.0
14.0,43.0,1.0,1.9481632936627524,1.0,1.0,1.0,1.0,0.0
14.0,44.0,1.0,1.8313160076591386,1.0,0.0,1.0,1.0,0.0
14.0,45.0,1.0,1.8445873490592157,1.0,1.0,1.0,1.0,1.0
14.0,46.0,1.0,1.9727658901219516,1.0,1.0,1.0,1.0,1.0
14.0,47.0,1.0,1.9715708394383158,1.0,1.0,0.0,1.0,1.0
14.0,48.0,1.0,2.0131878637681564,1.0,1.0,1.0,1.0,1.0
14.0,49.0,1.0,2.0663465919429136,1.0,1.0,0.0,1.0,1.0
14.0,50.0,1.0,2.0652065607560925,1.0,1.0,0.0,1.0,1.0
15.0,1.0,1.0,0.04563844158862813,1.0,1.0,1.0,1.0,1.0
15.0,2.0,1.0,0.055092127784983944,1.0,0.0,1.0,1.0,0.0
15.0,3.0,1.0,0.02705636591729428,1.0,0.0,0.0,0.0,0.0
15.0,4.0,1.0,0.02993817138493203,1.0,1.0,1.0,1.0,1.0
15.0,5.0,1.0,0.16384150258968116,1.0,1.0,0.0,1.0,0.0
15.0,6.0,1.0,-0.01844979315021361,1.0,1.0,1.0,0.0,0.0
15.0,7.0,1.0,0.25910866832669777,1.0,0.0,0.0,0.0,0.0
15.0,8.0,1.0,0.30426273319546093,1.0,0.0,1.0,0.0,1.0
15.0,9.0,1.0,0.33718589511130215,1.0,0.0,0.0,0.0,0.0
15.0,10.0,1.0,0.33245355215553773,1.0,1.0,0.0,0.0,0.0
15.0,11.0,1.0,0.36535951016192103,1.0,1.0,1.0,0.0,0.0
15.0,12.0,1.0,0.41654442920979406,1.0,1.0,0.0,1.0,1.0
15.0,13.0,1.0,0.40488800138711045,1.0,1.0,1.0,1.0,1.0
15.0,14.0,1.0,0.41085662913639975,1.0,1.0,0.0,0.0,1.0
15.0,15.0,1.0,0.5048904969555292,1.0,1.0,1.0,1.0,1.0
15.0,16.0,1.0,0.5831154450967077,1.0,0.0,0.0,0.0,1.0
15.0,17.0,1.0,0.753313486883869,1.0,1.0,1.0,1.0,0.0
15.0,18.0,1.0,0.6854719536811735,1.0,0.0,1.0,1.0,1.0
15.0,19.0,1.0,0.6221082312980627,1.0,1.0,1.0,1.0,0.0
15.0,20.0,1.0,0.747221669334801,1.0,1.0,1.0,1.0,1.0
15.0,21.0,1.0,0.6925686920484216,1.0,1.0,1.0,1.0,0.0
15.0,22.0,1.0,0.9266601409082358,1.0,0.0,1.0,1.0,1.0
15.0,23.0,1.0,0.9260920524014447,1.0,1.0,1.0,1.0,0.0
15.0,24.0,1.0,0.7483406304462544,1.0,1.0,1.0,1.0,1.0
15.0,25.0,1.0,0.9112235981292129,1.0,1.0,1.0,0.0,0.0
15.0,26.0,1.0,0.9365981284020862,1.0,1.0,1.0,1.0,1.0
15.0,27.0,1.0,1.053817629048602,1.0,1.0,1.0,1.0,1.0
15.0,28.0,1.0,1.0798677929837253,1.0,1.0,1.0,1.0,1.0
15.0,29.0,1.0,1.1160783217009667,1.0,1.0,1.0,1.0,1.0
15.0,30.0,1.0,1.277740644407598,1.0,1.0,1.0,1.0,1.0
15.0,31.0,1.0,1.1380483509357657,1.0,1.0,1.0,0.0,1.0
15.0,32.0,1.0,1.1807178102940061,1.0,1.0,1.0,1.0,1.0
15.0,33.0,1.0,1.1371089874305358,1.0,1.0,1.0,1.0,1.0
15.0,34.0,1.0,1.0410653224716357,1.0,1.0,1.0,1.0,1.0
15.0,35.0,1.0,1.2356084294429228,1.0,0.0,1.0,1.0,1.0
15.0,36.0,1.0,1.4199986507010327,1.0,1.0,1.0,1.0,1.0
15.0,37.0,1.0,1.3244279496583589,1.0,1.0,0.0,1.0,1.0
15.0,38.0,1.0,1.3699161290423594,1.0,1.0,1.0,1.0,1.0
15.0,39.0,1.0,1.3458481190480993,1.0,1.0,1.0,1.0,1.0
15.0,40.0,1.0,1.3650084087777736,1.0,1.0,1.0,1.0,1.0
15.0,41.0,1.0,1.3961384988510634,1.0,1.0,1.0,1.0,1.0
15.0,42.0,1.0,1.3362191206427587,1.0,0.0,1.0,1.0,1.0
15.0,43.0,1.0,1.5119895170929218,1.0,1.0,0.0,1.0,1.0
15.0,44.0,1.0,1.5872682066518577,1.0,0.0,1.0,1.0,0.0
15.0,45.0,1.0,1.629508247327435,1.0,0.0,1.0,1.0,0.0
15.0,46.0,1.0,1.7071815421827499,1.0,1.0,1.0,1.0,1.0
15.0,47.0,1.0,1.72024125178296,1.0,0.0,1.0,0.0,1.0
15.0,48.0,1.0,1.680121891638426,1.0,1.0,1.0,1.0,1.0
15.0,49.0,1.0,1.7356516901617511,1.0,1.0,1.0,1.0,1.0
15.0,50.0,1.0,1.5436619063335464,1.0,0.0,1.0,1.0,1.0
16.0,1.0,1.0,-0.2190046064744678,1.0,1.0,1.0,1.0,1.0
16.0,2.0,1.0,-0.1751587403138352,1.0,1.0,1.0,0.0,0.0
16.0,3.0,1.0,-0.19767332333882548,1.0,1.0,1.0,0.0,1.0
16.0,4.0,1.0,-0.2169503483820255,1.0,1.0,0.0,0.0,0.0
16.0,5.0,1.0,-0.09438865526714837,1.0,1.0,1.0,1.0,1.0
16.0,6.0,1.0,-0.20351655707079916,1.0,1.0,1.0,1.0,0.0
16.0,7.0,1.0,-0.13039043159300534,1.0,1.0,1.0,1.0,1.0
16.0,8.0,1.0,-0.22079329612993057,1.0,0.0,1.0,1.0,1.0
16.0,9.0,1.0,-0.07929467225975353,1.0,1.0,1.0,1.0,0.0
16.0,10.0,1.0,-0.16826935378658686,1.0,0.0,1.0,1.0,1.0
16.0,11.0,1.0,-0.1698360680384812,1.0,1.0,1.0,1.0,1.0
16.0,12.0,1.0,-0.24996653434391894,1.0,0.0,1.0,1.0,1.0
16.0,13.0,1.0,-0.2889751347246909,1.0,0.0,0.0,1.0,1.0
16.0,14.0,1.0,-0.26996008162659846,1.0,1.0,1.0,1.0,1.0
16.0,15.0,1.0,-0.40687730559233515,1.0,0.0,0.0,1.0,1.0
16.0,16.0,1.0,-0.6112184639786029,1.0,1.0,1.0,1.0,1.0
16.0,17.0,1.0,-0.6147857668161326,1.0,1.0,1.0,1.0,1.0
16.0,18.0,1.0,-0.7489828509372698,1.0,0.0,1.0,1.0,1.0
16.0,19.0,1.0,-0.6868719836039594,1.0,1.0,1.0,0.0,1.0
16.0,20.0,1.0,-0.5022045694904256,1.0,1.0,1.0,1.0,1.0
16.0,21.0,1.0,-0.5891404940068017,1.0,1.0,1.0,1.0,0.0
16.0,22.0,1.0,-0.7326062827007443,1.0,1.0,1.0,1.0,1.0
16.0,23.0,1.0,-0.6682929873506755,1.0,1.0,1.0,1.0,1.0
16.0,24.0,1.0,-0.6154385075688649,1.0,1.0,1.0,1.0,1.0
16.0,25.0,1.0,-0.8244400960782337,1.0,1.0,1.0,1.0,1.0
16.0,26.0,1.0,-0.843760832990491,1.0,1.0,0.0,1.0,0.0
16.0,27.0,1.0,-0.8105622964715901,1.0,0.0,1.0,0.0,0.0
16.0,28.0,1.0,-0.7291384002873407,1.0,1.0,1.0,1.0,1.0
16.0,29.0,1.0,-0.879776954151497,1.0,1.0,1.0,1.0,0.0
16.0,30.0,1.0,-0.9897749652104991,1.0,1.0,1.0,0.0,1.0
16.0,31.0,1.0,-0.9706893769237955,1.0,0.0,0.0,0.0,0.0
16.0,32.0,1.0,-0.9252175520632644,1.0,0.0,1.0,0.0,0.0
16.0,33.0,1.0,-0.9025431217588353,1.0,1.0,0.0,1.0,1.0
16.0,34.0,1.0,-1.0670439572054706,1.0,1.0,0.0,0.0,0.0
16.0,35.0,1.0,-0.9287356350066329,1.0,0.0,0.0,0.0,0.0
16.0,36.0,1.0,-0.9049569980706562,1.0,1.0,1.0,1.0,1.0
16.0,37.0,1.0,-1.1733324807941146,1.0,0.0,0.0,0.0,0.0
16.0,38.0,1.0,-1.0633325563948823,1.0,0.0,0.0,0.0,1.0
16.0,39.0,1.0,-1.3476865531561806,1.0,0.0,0.0,0.0,0.0
16.0,40.0,1.0,-1.2283167904812926,1.0,1.0,0.0,0.0,0.0
16.0,41.0,1.0,-1.1982418585361725,1.0,0.0,0.0,1.0,1.0
16.0,42.0,1.0,-1.1974097947037872,1.0,0.0,1.0,1.0,1.0
16.0,43.0,1.0,-1.2713978400388435,1.0,1.0,0.0,0.0,1.0
16.0,44.0,1.0,-1.4412693956403273,1.0,0.0,0.0,0.0,1.0
16.0,45.0,1.0,-1.4201326131092427,1.0,0.0,0.0,0.0,0.0
16.0,46.0,1.0,-1.2123565102207223,1.0,0.0,1.0,0.0,0.0
16.0,47.0,1.0,-1.342217564615617,1.0,0.0,0.0,1.0,0.0
16.0,48.0,1.0,-1.4373172534648666,1.0,0.0,0.0,0.0,0.0
16.0,49.0,1.0,-1.621159754447154,1.0,1.0,1.0,0.0,0.0
16.0,50.0,1.0,-1.478379905993334,1.0,0.0,0.0,0.0,1.0
17.0,1.0,1.0,0.02004767286932,1.0,1.0,1.0,0.0,1.0
17.0,2.0,1.0,-0.22745642152371065,1.0,0.0,1.0,0.0,0.0
17.0,3.0,1.0,-0.1611473876302706,1.0,0.0,0.0,0.0,0.0
17.0,4.0,1.0,-0.09195318677301129,1.0,1.0,1.0,0.0,1.0
17.0,5.0,1.0,-0.0968444884504158,1.0,1.0,0.0,0.0,1.0
17.0,6.0,1.0,0.12386637442653081,1.0,1.0,1.0,1.0,0.0
17.0,7.0,1.0,-0.26991473304108726,1.0,1.0,0.0,1.0,0.0
17.0,8.0,1.0,-0.16293490465940969,1.0,1.0,0.0,0.0,1.0
17.0,9.0,1.0,-0.3065731705984782,1.0,1.0,1.0,1.0,1.0
17.0,10.0,1.0,-0.23461661873900058,1.0,1.0,1.0,1.0,1.0
17.0,11.0,1.0,-0.35754012496008436,1.0,0.0,1.0,1.0,1.0
17.0,12.0,1.0,-0.40706219766525475,1.0,1.0,1.0,1.0,1.0
17.0,13.0,1.0,-0.440331487116233,1.0,1.0,0.0,0.0,0.0
17.0,14.0,1.0,-0.29279051882207263,1.0,1.0,1.0,0.0,0.0
17.0,15.0,1.0,-0.4475868318019714,1.0,1.0,1.0,0.0,0.0
17.0,16.0,1.0,-0.4207233027567172,1.0,1.0,0.0,0.0,0.0
17.0,17.0,1.0,-0.42245241882843204,1.0,1.0,1.0,0.0,0.0
17.0,18.0,1.0,-0.3113575149174816,1.0,0.0,1.0,0.0,0.0
17.0,19.0,1.0,-0.508467824168715,1.0,1.0,0.0,1.0,1.0
17.0,20.0,1.0,-0.5837059247341447,1.0,1.0,1.0,0.0,1.0
17.0,21.0,1.0,-0.645822743455044,1.0,0.0,1.0,0.0,1.0
17.0,22.0,1.0,-0.5662743077761548,1.0,0.0,0.0,0.0,1.0
17.0,23.0,1.0,-0.6429768551611379,1.0,0.0,0.0,0.0,0.0
17.0,24.0,1.0,-0.5188027563446064,1.0,1.0,0.0,0.0,0.0
17.0,25.0,1.0,-0.5601207140503965,1.0,1.0,0.0,0.0,1.0
17.0,26.0,1.0,-0.6893967708443236,1.0,1.0,1.0,1.0,1.0
17.0,27.0,1.0,-0.7132811664341419,1.0,1.0,1.0,1.0,1.0
17.0,28.0,1.0,-0.7711786982001202,1.0,0.0,0.0,0.0,1.0
17.0,29.0,1.0,-0.6684545260402349,1.0,0.0,0.0,0.0,0.0
17.0,30.0,1.0,-0.862196244966331,1.0,0.0,0.0,0.0,0.0
17.0,31.0,1.0,-0.8164514354182716,1.0,1.0,0.0,0.0,0.0
17.0,32.0,1.0,-0.9284318480412519,1.0,0.0,0.0,1.0,1.0
17.0,33.0,1.0,-0.8949149622712311,1.0,1.0,0.0,0.0,0.0
17.0,34.0,1.0,-1.0142036902415894,1.0,1.0,0.0,0.0,0.0
17.0,35.0,1.0,-1.0054727483368282,1.0,0.0,0.0,0.0,0.0
17.0,36.0,1.0,-1.0811861089491197,1.0,1.0,1.0,1.0,0.0
17.0,37.0,1.0,-0.8896268678539306,1.0,0.0,1.0,0.0,0.0
17.0,38.0,1.0,-1.1866467328024422,1.0,1.0,0.0,0.0,0.0
17.0,39.0,1.0,-0.9508213624716618,1.0,0.0,0.0,0.0,0.0
17.0,40.0,1.0,-1.1218999405829595,1.0,1.0,0.0,0.0,0.0
17.0,41.0,1.0,-1.0460889208748976,1.0,0.0,0.0,0.0,0.0
17.0,42.0,1.0,-1.107099123167652,1.0,0.0,0.0,0.0,0.0
17.0,43.0,1.0,-1.1354326034694977,1.0,1.0,0.0,0.0,0.0
17.0,44.0,1.0,-1.0988829587113014,1.0,0.0,1.0,0.0,0.0
17.0,45.0,1.0,-1.084016907873926,1.0,0.0,1.0,0.0,0.0
17.0,46.0,1.0,-1.2673522081244375,1.0,0.0,1.0,1.0,1.0
17.0,47.0,1.0,-1.313071808348494,1.0,0.0,1.0,0.0,0.0
17.0,48.0,1.0,-1.3581225765750755,1.0,0.0,1.0,0.0,0.0
17.0,49.0,1.0,-1.2323417388021145,1.0,0.0,0.0,0.0,0.0
17.0,50.0,1.0,-1.3947348999101477,1.0,0.0,0.0,0.0,0.0
18.0,1.0,1.0,0.07734473898029795,1.0,0.0,1.0,0.0,1.0
18.0,2.0,1.0,0.2802709981983523,1.0,0.0,0.0,1.0,0.0
18.0,3.0,1.0,-0.0716922172756761,1.0,1.0,1.0,1.0,0.0
18.0,4.0,1.0,-0.16931451846545711,1.0,1.0,1.0,1.0,1.0
18.0,5.0,1.0,0.09305189652476717,1.0,1.0,0.0,1.0,1.0
18.0,6.0,1.0,0.06648460498962397,1.0,1.0,1.0,1.0,0.0
18.0,7.0,1.0,-0.0035815734811398964,1.0,1.0,1.0,1.0,1.0
18.0,8.0,1.0,0.2237720814786365,1.0,1.0,1.0,1.0,1.0
18.0,9.0,1.0,0.029337012674755178,1.0,1.0,1.0,1.0,1.0
18.0,10.0,1.0,-0.038056205383274325,1.0,1.0,1.0,1.0,1.0
18.0,11.0,1.0,0.1244640609909825,1.0,1.0,1.0,0.0,0.0
18.0,12.0,1.0,0.14710377647612016,1.0,0.0,1.0,1.0,1.0
18.0,13.0,1.0,0.08598280676752462,1.0,1.0,1.0,1.0,1.0
18.0,14.0,1.0,0.25481705299485374,1.0,0.0,1.0,1.0,0.0
18.0,15.0,1.0,0.0007114911765301046,1.0,1.0,1.0,0.0,1.0
18.0,16.0,1.0,0.06585231322084967,1.0,1.0,1.0,1.0,1.0
18.0,17.0,1.0,0.3797200457536921,1.0,1.0,1.0,1.0,1.0
18.0,18.0,1.0,0.23960904128341234,1.0,1.0,1.0,1.0,1.0
18.0,19.0,1.0,0.26543626475453974,1.0,1.0,0.0,1.0,0.0
18.0,20.0,1.0,0.16214549221428326,1.0,1.0,1.0,1.0,1.0
18.0,21.0,1.0,0.20196068245163495,1.0,1.0,0.0,0.0,0.0
18.0,22.0,1.0,0.33762065572527056,1.0,0.0,1.0,0.0,1.0
18.0,23.0,1.0,0.17854364166383918,1.0,1.0,1.0,1.0,1.0
18.0,24.0,1.0,0.22151361316821952,1.0,1.0,1.0,1.0,1.0
18.0,25.0,1.0,0.1644549825457646,1.0,1.0,1.0,0.0,1.0
18.0,26.0,1.0,0.22589929216696875,1.0,1.0,1.0,1.0,0.0
18.0,27.0,1.0,0.2376053894974724,1.0,1.0,1.0,1.0,1.0
18.0,28.0,1.0,0.23018115584139953,1.0,1.0,1.0,1.0,1.0
18.0,29.0,1.0,0.3706397457286017,1.0,1.0,1.0,1.0,1.0
18.0,30.0,1.0,0.3244348341566888,1.0,1.0,0.0,1.0,1.0
18.0,31.0,1.0,0.3752318711252193,1.0,1.0,1.0,1.0,1.0
18.0,32.0,1.0,0.33856946532738025,1.0,0.0,0.0,1.0,1.0
18.0,33.0,1.0,0.30138695609875316,1.0,1.0,1.0,1.0,1.0
18.0,34.0,1.0,0.3510136027813784,1.0,1.0,0.0,1.0,0.0
18.0,35.0,1.0,0.43317519192278897,1.0,1.0,1.0,1.0,0.0
18.0,36.0,1.0,0.32185107871594454,1.0,1.0,1.0,0.0,1.0
18.0,37.0,1.0,0.5556255626788691,1.0,1.0,1.0,1.0,1.0
18.0,38.0,1.0,0.27125216101334954,1.0,1.0,1.0,1.0,1.0
18.0,39.0,1.0,0.5790363102001332,1.0,0.0,1.0,1.0,1.0
18.0,40.0,1.0,0.4546548129136154,1.0,1.0,0.0,0.0,1.0
18.0,41.0,1.0,0.46782757674277214,1.0,0.0,0.0,0.0,1.0
18.0,42.0,1.0,0.44954970531658944,1.0,1.0,1.0,0.0,0.0
18.0,43.0,1.0,0.4264659346184339,1.0,0.0,1.0,1.0,1.0
18.0,44.0,1.0,0.5693216740679234,1.0,0.0,1.0,1.0,1.0
18.0,45.0,1.0,0.3793400255102099,1.0,1.0,1.0,1.0,1.0
18.0,46.0,1.0,0.4456452182698079,1.0,0.0,0.0,1.0,1.0
18.0,47.0,1.0,0.5183526449219114,1.0,1.0,1.0,1.0,1.0
18.0,48.0,1.0,0.4952191607911213,1.0,1.0,1.0,1.0,1.0
18.0,49.0,1.0,0.5677249546662314,1.0,1.0,1.0,1.0,0.0
18.0,50.0,1.0,0.5395846948229672,1.0,1.0,1.0,1.0,1.0
19.0,1.0,1.0,-0.06976953788906397,1.0,1.0,1.0,0.0,1.0
19.0,2.0,1.0,-0.15279341097882257,1.0,0.0,0.0,0.0,0.0
19.0,3.0,1.0,0.0625820102760421,1.0,0.0,1.0,1.0,0.0
19.0,4.0,1.0,0.13805756080755494,1.0,1.0,0.0,0.0,0.0
19.0,5.0,1.0,0.04982253939796551,1.0,1.0,0.0,1.0,1.0
19.0,6.0,1.0,0.2722870718506746,1.0,0.0,0.0,0.0,0.0
19.0,7.0,1.0,0.1438189164226219,1.0,0.0,0.0,0.0,0.0
19.0,8.0,1.0,0.12580423153139425,1.0,1.0,0.0,1.0,0.0
19.0,9.0,1.0,0.3122000930906471,1.0,1.0,1.0,1.0,1.0
19.0,10.0,1.0,0.40480846656554387,1.0,1.0,1.0,1.0,1.0
19.0,11.0,1.0,0.22580086948373296,1.0,1.0,1.0,1.0,1.0
19.0,12.0,1.0,0.2729058469043494,1.0,0.0,1.0,1.0,1.0
19.0,13.0,1.0,0.5399920478006209,1.0,1.0,1.0,0.0,1.0
19.0,14.0,1.0,0.44247740810748115,1.0,1.0,1.0,1.0,1.0
19.0,15.0,1.0,0.5379473023292439,1.0,0.0,1.0,0.0,0.0
19.0,16.0,1.0,0.6404796713228776,1.0,1.0,1.0,1.0,1.0
19.0,17.0,1.0,0.7035370378902088,1.0,1.0,1.0,1.0,1.0
19.0,18.0,1.0,0.5024395923079852,1.0,1.0,1.0,1.0,1.0
19.0,19.0,1.0,0.6924622764071668,1.0,1.0,1.0,1.0,1.0
19.0,20.0,1.0,0.7418356479470845,1.0,1.0,1.0,1.0,1.0
19.0,21.0,1.0,0.8063146302791017,1.0,0.0,1.0,1.0,1.0
19.0,22.0,1.0,0.7096559760801642,1.0,1.0,0.0,1.0,1.0
19.0,23.0,1.0,0.9123387586973465,1.0,1.0,1.0,1.0,1.0
19.0,24.0,1.0,0.686097756662647,1.0,1.0,0.0,1.0,1.0
19.0,25.0,1.0,0.9413474433439497,1.0,1.0,1.0,1.0,1.0
19.0,26.0,1.0,0.8883047258949361,1.0,0.0,1.0,1.0,0.0
19.0,27.0,1.0,0.986718245199048,1.0,1.0,1.0,1.0,1.0
19.0,28.0,1.0,0.9087304599084255,1.0,1.0,1.0,1.0,1.0
19.0,29.0,1.0,1.1111910106649627,1.0,1.0,0.0,1.0,1.0
19.0,30.0,1.0,0.8653157234937844,1.0,1.0,1.0,1.0,0.0
19.0,31.0,1.0,1.0228200722895442,1.0,1.0,1.0,1.0,1.0
19.0,32.0,1.0,1.262256267322738,1.0,0.0,1.0,1.0,0.0
19.0,33.0,1.0,1.213812330696767,1.0,1.0,1.0,1.0,1.0
19.0,34.0,1.0,1.1638335302939218,1.0,1.0,1.0,1.0,1.0
19.0,35.0,1.0,1.1919791561270752,1.0,1.0,1.0,0.0,1.0
19.0,36.0,1.0,1.2217776721801124,1.0,0.0,1.0,1.0,1.0
19.0,37.0,1.0,1.3795983507169212,1.0,1.0,1.0,1.0,1.0
19.0,38.0,1.0,1.487464843358831,1.0,1.0,1.0,0.0,1.0
19.0,39.0,1.0,1.3982999576645292,1.0,1.0,1.0,1.0,1.0
19.0,40.0,1.0,1.2298541619384782,1.0,1.0,1.0,1.0,1.0
19.0,41.0,1.0,1.4366876050055954,1.0,1.0,0.0,0.0,1.0
19.0,42.0,1.0,1.3402762623338043,1.0,0.0,1.0,1.0,1.0
19.0,43.0,1.0,1.3264543661769985,1.0,1.0,1.0,1.0,1.0
19.0,44.0,1.0,1.558874401263056,1.0,1.0,1.0,1.0,1.0
19.0,45.0,1.0,1.539496064530824,1.0,1.0,1.0,1.0,1.0
19.0,46.0,1.0,1.524104733628247,1.0,1.0,1.0,1.0,1.0
19.0,47.0,1.0,1.8440161281245944,1.0,0.0,1.0,0.0,0.0
19.0,48.0,1.0,1.7615032919234421,1.0,1.0,1.0,1.0,1.0
19.0,49.0,1.0,1.7887190138992872,1.0,1.0,1.0,1.0,0.0
19.0,50.0,1.0,1.6879060028323045,1.0,1.0,1.0,1.0,1.0
20.0,1.0,1.0,-0.029787467019869014,1.0,0.0,1.0,0.0,1.0
20.0,2.0,1.0,-0.09668971924744024,1.0,1.0,1.0,1.0,1.0
20.0,3.0,1.0,0.06753003519365337,1.0,0.0,0.0,1.0,1.0
20.0,4.0,1.0,0.17420047394282523,1.0,1.0,1.0,1.0,1.0
20.0,5.0,1.0,0.15755563926374985,1.0,1.0,1.0,1.0,1.0
20.0,6.0,1.0,0.2467128667754011,1.0,1.0,1.0,1.0,1.0
20.0,7.0,1.0,0.17605062805292832,1.0,1.0,1.0,1.0,0.0
20.0,8.0,1.0,0.20625250064174064,1.0,1.0,0.0,1.0,1.0
20.0,9.0,1.0,0.216648633761167,1.0,1.0,0.0,0.0,1.0
20.0,10.0,1.0,0.24420653267456888,1.0,1.0,0.0,0.0,0.0
20.0,11.0,1.0,0.4197811452265846,1.0,1.0,1.0,1.0,1.0
20.0,12.0,1.0,0.396256507994739,1.0,1.0,0.0,0.0,1.0
20.0,13.0,1.0,0.4939122202836377,1.0,1.0,1.0,1.0,1.0
20.0,14.0,1.0,0.5919263028600147,1.0,1.0,1.0,1.0,0.0
20.0,15.0,1.0,0.4886662005084723,1.0,1.0,0.0,1.0,1.0
20.0,16.0,1.0,0.3044310118372983,1.0,0.0,0.0,0.0,1.0
20.0,17.0,1.0,0.6504314531358726,1.0,1.0,0.0,0.0,0.0
20.0,18.0,1.0,0.5987350316632617,1.0,0.0,0.0,0.0,0.0
20.0,19.0,1.0,0.5672681135106652,1.0,1.0,0.0,1.0,1.0
20.0,20.0,1.0,0.63675591658354,1.0,1.0,1.0,0.0,1.0
20.0,21.0,1.0,0.6365055182460599,1.0,1.0,1.0,1.0,1.0
20.0,22.0,1.0,0.7859119740953453,1.0,1.0,1.0,1.0,1.0
20.0,23.0,1.0,0.78878601368892,1.0,1.0,0.0,1.0,0.0
20.0,24.0,1.0,0.7635073372662575,1.0,1.0,1.0,1.0,1.0
20.0,25.0,1.0,0.69062303198078,1.0,0.0,1.0,1.0,0.0
20.0,26.0,1.0,0.7033023535830684,1.0,1.0,1.0,1.0,1.0
20.0,27.0,1.0,0.9010484880933176,1.0,1.0,1.0,1.0,1.0
20.0,28.0,1.0,0.8718797327238268,1.0,1.0,1.0,1.0,1.0
20.0,29.0,1.0,0.830865801069961,1.0,1.0,1.0,1.0,1.0
20.0,30.0,1.0,0.9709033148698003,1.0,1.0,1.0,1.0,1.0
20.0,31.0,1.0,1.0008087337277978,1.0,1.0,1.0,0.0,1.0
20.0,32.0,1.0,0.9548577539276984,1.0,1.0,1.0,1.0,1.0
20.0,33.0,1.0,1.086676424213037,1.0,0.0,1.0,0.0,1.0
20.0,34.0,1.0,1.032594196416962,1.0,1.0,1.0,0.0,1.0
20.0,35.0,1.0,0.8929465914844023,1.0,1.0,1.0,1.0,1.0
20.0,36.0,1.0,1.2331332651910056,1.0,1.0,1.0,1.0,1.0
20.0,37.0,1.0,1.1726590808874229,1.0,0.0,1.0,1.0,1.0
20.0,38.0,1.0,1.1629614898432366,1.0,1.0,1.0,1.0,1.0
20.0,39.0,1.0,1.1801447847581712,1.0,1.0,1.0,1.0,1.0
20.0,40.0,1.0,1.3192751518995254,1.0,1.0,1.0,1.0,1.0
20.0,41.0,1.0,1.321261491376117,1.0,1.0,1.0,1.0,0.0
20.0,42.0,1.0,1.3068595678425132,1.0,1.0,1.0,1.0,1.0
20.0,43.0,1.0,1.1858054903071324,1.0,1.0,1.0,1.0,1.0
20.0,44.0,1.0,1.4811107508853656,1.0,1.0,1.0,1.0,1.0
20.0,45.0,1.0,1.4989577143636859,1.0,0.0,1.0,1.0,0.0
20.0,46.0,1.0,1.620644129342273,1.0,1.0,1.0,1.0,1.0
20.0,47.0,1.0,1.4210662786658006,1.0,1.0,1.0,1.0,1.0
20.0,48.0,1.0,1.6125650498111714,1.0,1.0,1.0,1.0,1.0
20.0,49.0,1.0,1.5572924697719701,1.0,1.0,1.0,1.0,1.0
20.0,50.0,1.0,1.59662677930043,1.0,1.0,1.0,1.0,0.0
21.0,1.0,1.0,-0.13865769523256855,1.0,0.0,0.0,0.0,1.0
21.0,2.0,1.0,0.2434112540372811,1.0,0.0,1.0,0.0,0.0
21.0,3.0,1.0,0.005720250798279147,1.0,1.0,0.0,1.0,1.0
21.0,4.0,1.0,0.06482140485407037,1.0,0.0,0.0,1.0,1.0
21.0,5.0,1.0,0.17545818913018982,1.0,1.0,1.0,1.0,1.0
21.0,6.0,1.0,0.02546721140692146,1.0,1.0,1.0,1.0,1.0
21.0,7.0,1.0,0.1684516096323054,1.0,0.0,1.0,1.0,1.0
21.0,8.0,1.0,0.26666924726400976,1.0,1.0,1.0,1.0,1.0
21.0,9.0,1.0,0.21214919591939976,1.0,1.0,1.0,0.0,1.0
21.0,10.0,1.0,0.14382230886421815,1.0,0.0,1.0,0.0,0.0
21.0,11.0,1.0,0.1969780220598097,1.0,0.0,0.0,0.0,0.0
21.0,12.0,1.0,0.3662144165461995,1.0,0.0,0.0,0.0,1.0
21.0,13.0,1.0,0.06914931228990046,1.0,1.0,0.0,0.0,1.0
21.0,14.0,1.0,0.26457233595033997,1.0,1.0,1.0,1.0,1.0
21.0,15.0,1.0,0.4107711051113788,1.0,0.0,1.0,0.0,1.0
21.0,16.0,1.0,0.25155932127375724,1.0,1.0,1.0,1.0,1.0
21.0,17.0,1.0,0.41534857959779964,1.0,0.0,0.0,1.0,1.0
21.0,18.0,1.0,0.4776989387026077,1.0,1.0,1.0,1.0,1.0
21.0,19.0,1.0,0.3772363928621181,1.0,1.0,1.0,1.0,1.0
21.0,20.0,1.0,0.3396417135841876,1.0,1.0,0.0,1.0,1.0
21.0,21.0,1.0,0.40034681726783566,1.0,0.0,1.0,1.0,1.0
21.0,22.0,1.0,0.45824654264209075,1.0,1.0,1.0,1.0,1.0
21.0,23.0,1.0,0.4835017325942029,1.0,0.0,1.0,1.0,1.0
21.0,24.0,1.0,0.5507142256993901,1.0,0.0,1.0,1.0,0.0
21.0,25.0,1.0,0.6504404975579516,1.0,0.0,1.0,1.0,1.0
21.0,26.0,1.0,0.47958448603979104,1.0,1.0,1.0,1.0,1.0
21.0,27.0,1.0,0.6630652698110758,1.0,1.0,0.0,1.0,1.0
21.0,28.0,1.0,0.6433658234807303,1.0,0.0,1.0,1.0,1.0
21.0,29.0,1.0,0.8224743246978883,1.0,0.0,1.0,1.0,1.0
21.0,30.0,1.0,0.5344472691048503,1.0,1.0,1.0,0.0,1.0
21.0,31.0,1.0,0.837033976608187,1.0,1.0,1.0,1.0,1.0
21.0,32.0,1.0,0.7818138820425581,1.0,1.0,0.0,1.0,1.0
21.0,33.0,1.0,0.7275037879942151,1.0,1.0,1.0,1.0,1.0
21.0,34.0,1.0,0.6364948394768055,1.0,1.0,1.0,1.0,1.0
21.0,35.0,1.0,0.9770961295258331,1.0,1.0,1.0,1.0,1.0
21.0,36.0,1.0,0.8403906730882342,1.0,1.0,1.0,1.0,1.0
21.0,37.0,1.0,0.792657641379058,1.0,1.0,1.0,1.0,1.0
21.0,38.0,1.0,0.694027060172248,1.0,1.0,1.0,1.0,1.0
21.0,39.0,1.0,0.8886501694088154,1.0,1.0,1.0,1.0,1.0
21.0,40.0,1.0,1.0846412900204192,1.0,1.0,1.0,1.0,1.0
21.0,41.0,1.0,0.9264734366507841,1.0,1.0,1.0,1.0,1.0
21.0,42.0,1.0,1.0277769614712178,1.0,1.0,0.0,1.0,1.0
21.0,43.0,1.0,1.1542675050259912,1.0,1.0,1.0,1.0,1.0
21.0,44.0,1.0,0.9755395286689461,1.0,1.0,1.0,1.0,1.0
21.0,45.0,1.0,1.1167345583648103,1.0,1.0,1.0,1.0,1.0
21.0,46.0,1.0,1.0405864165280159,1.0,1.0,1.0,1.0,1.0
21.0,47.0,1.0,1.0975033852045457,1.0,1.0,0.0,1.0,1.0
21.0,48.0,1.0,1.0961060359041286,1.0,1.0,1.0,1.0,0.0
21.0,49.0,1.0,1.0920044853703252,1.0,1.0,1.0,1.0,1.0
21.0,50.0,1.0,1.2250356801034024,1.0,1.0,1.0,1.0,1.0
22.0,1.0,1.0,0.013471668705285537,1.0,1.0,1.0,1.0,1.0
22.0,2.0,1.0,0.12192654762478895,1.0,0.0,1.0,1.0,0.0
22.0,3.0,1.0,-0.2393863763234319,1.0,1.0,1.0,1.0,1.0
22.0,4.0,1.0,-0.03760171059441163,1.0,1.0,1.0,1.0,1.0
22.0,5.0,1.0,-0.02869999801487135,1.0,1.0,1.0,1.0,1.0
22.0,6.0,1.0,-0.08441201175272858,1.0,1.0,1.0,1.0,0.0
22.0,7.0,1.0,-0.18140946875989516,1.0,1.0,0.0,1.0,1.0
22.0,8.0,1.0,-0.17461985060359933,1.0,1.0,1.0,1.0,1.0
22.0,9.0,1.0,-0.0971878491372549,1.0,1.0,1.0,1.0,1.0
22.0,10.0,1.0,-0.3649837187592958,1.0,1.0,1.0,1.0,1.0
22.0,11.0,1.0,-0.22356633042285318,1.0,1.0,1.0,1.0,1.0
22.0,12.0,1.0,-0.19142731252041728,1.0,1.0,1.0,0.0,1.0
22.0,13.0,1.0,-0.16089926134761762,1.0,1.0,1.0,1.0,1.0
22.0,14.0,1.0,-0.0982258206288866,1.0,1.0,1.0,1.0,1.0
22.0,15.0,1.0,-0.15894095805031683,1.0,1.0,1.0,1.0,1.0
22.0,16.0,1.0,-0.30511049212597746,1.0,1.0,1.0,1.0,1.0
22.0,17.0,1.0,-0.17315557915542978,1.0,1.0,1.0,1.0,1.0
22.0,18.0,1.0,-0.2401987035405117,1.0,1.0,1.0,1.0,1.0
22.0,19.0,1.0,-0.2810403645524826,1.0,1.0,1.0,1.0,1.0
22.0,20.0,1.0,-0.22296360658771358,1.0,1.0,1.0,1.0,1.0
22.0,21.0,1.0,-0.3837717481624255,1.0,1.0,1.0,1.0,1.0
22.0,22.0,1.0,-0.21174033953964957,1.0,1.0,1.0,1.0,1.0
22.0,23.0,1.0,-0.4078038519266086,1.0,1.0,0.0,0.0,1.0
22.0,24.0,1.0,-0.39838686045935634,1.0,1.0,1.0,0.0,1.0
22.0,25.0,1.0,-0.5344526545549458,1.0,1.0,1.0,1.0,0.0
22.0,26.0,1.0,-0.474424924287181,1.0,0.0,0.0,0.0,0.0
22.0,27.0,1.0,-0.3194706434740327,1.0,1.0,1.0,1.0,1.0
22.0,28.0,1.0,-0.43452584779063075,1.0,1.0,1.0,1.0,1.0
22.0,29.0,1.0,-0.34893418839607326,1.0,1.0,1.0,1.0,1.0
22.0,30.0,1.0,-0.4839244298582123,1.0,0.0,1.0,1.0,1.0
22.0,31.0,1.0,-0.38605177857931794,1.0,1.0,0.0,1.0,1.0
22.0,32.0,1.0,-0.30611618028370924,1.0,1.0,1.0,1.0,1.0
22.0,33.0,1.0,-0.5943538325889604,1.0,1.0,1.0,1.0,1.0
22.0,34.0,1.0,-0.38872756377485784,1.0,1.0,1.0,1.0,1.0
22.0,35.0,1.0,-0.3934614120333496,1.0,1.0,1.0,1.0,1.0
22.0,36.0,1.0,-0.6632238659801007,1.0,0.0,1.0,1.0,1.0
22.0,37.0,1.0,-0.47031438260846403,1.0,0.0,1.0,0.0,1.0
22.0,38.0,1.0,-0.5115044872589427,1.0,0.0,1.0,0.0,0.0
22.0,39.0,1.0,-0.5743987558485619,1.0,0.0,0.0,0.0,1.0
22.0,40.0,1.0,-0.4714958324940287,1.0,1.0,0.0,0.0,0.0
22.0,41.0,1.0,-0.6585734380084357,1.0,1.0,1.0,0.0,0.0
22.0,42.0,1.0,-0.7144016652486652,1.0,1.0,1.0,1.0,1.0
22.0,43.0,1.0,-0.8304237460117816,1.0,0.0,0.0,1.0,1.0
22.0,44.0,1.0,-0.7566513375599222,1.0,0.0,0.0,0.0,0.0
22.0,45.0,1.0,-0.6103602869028413,1.0,1.0,1.0,0.0,1.0
22.0,46.0,1.0,-0.605337609508592,1.0,1.0,1.0,1.0,1.0
22.0,47.0,1.0,-0.753115577515824,1.0,1.0,0.0,1.0,1.0
22.0,48.0,1.0,-0.7347606985320272,1.0,1.0,1.0,1.0,1.0
22.0,49.0,1.0,-0.9987280669972921,1.0,1.0,1.0,1.0,1.0
22.0,50.0,1.0,-0.7561301137739342,1.0,1.0,1.0,1.0,1.0
23.0,1.0,1.0,0.07383785136471105,1.0,1.0,1.0,1.0,1.0
23.0,2.0,1.0,0.14185356012002703,1.0,0.0,0.0,0.0,0.0
23.0,3.0,1.0,-0.26527050289665527,1.0,0.0,1.0,0.0,0.0
23.0,4.0,1.0,-0.026551182500645597,1.0,0.0,1.0,0.0,0.0
23.0,5.0,1.0,-0.09315407226359197,1.0,1.0,1.0,0.0,0.0
23.0,6.0,1.0,-0.03797418468625598,1.0,1.0,0.0,1.0,0.0
23.0,7.0,1.0,-0.17232160721221967,1.0,0.0,1.0,1.0,1.0
23.0,8.0,1.0,-0.29067382616206267,1.0,0.0,0.0,1.0,0.0
23.0,9.0,1.0,-0.0550537488023954,1.0,1.0,1.0,0.0,1.0
23.0,10.0,1.0,0.006308085694666496,1.0,0.0,1.0,0.0,1.0
23.0,11.0,1.0,-0.08955260052591996,1.0,1.0,0.0,0.0,0.0
23.0,12.0,1.0,-0.11434861250284123,1.0,0.0,0.0,0.0,0.0
23.0,13.0,1.0,-0.11429456012022594,1.0,0.0,1.0,0.0,1.0
23.0,14.0,1.0,-0.2925753927453475,1.0,1.0,1.0,0.0,0.0
23.0,15.0,1.0,-0.05565988555541204,1.0,1.0,0.0,0.0,0.0
23.0,16.0,1.0,-0.14998217474977937,1.0,1.0,1.0,1.0,1.0
23.0,17.0,1.0,-0.28001385657503697,1.0,1.0,1.0,1.0,1.0
23.0,18.0,1.0,-0.23240970114148018,1.0,1.0,1.0,1.0,1.0
23.0,19.0,1.0,-0.06415408001612002,1.0,1.0,1.0,1.0,1.0
23.0,20.0,1.0,-0.17729876643504444,1.0,1.0,1.0,0.0,0.0
23.0,21.0,1.0,-0.030710873765435492,1.0,1.0,1.0,0.0,1.0
23.0,22.0,1.0,-0.16982219128506598,1.0,0.0,1.0,0.0,0.0
23.0,23.0,1.0,-0.3664449258632939,1.0,0.0,0.0,0.0,0.0
23.0,24.0,1.0,-0.26836796791299633,1.0,1.0,0.0,0.0,0.0
23.0,25.0,1.0,-0.23982482083626422,1.0,0.0,1.0,0.0,0.0
23.0,26.0,1.0,-0.2476936447549885,1.0,0.0,1.0,0.0,0.0
23.0,27.0,1.0,-0.32498516661215526,1.0,0.0,1.0,0.0,1.0
23.0,28.0,1.0,-0.1131032097144648,1.0,1.0,0.0,0.0,1.0
23.0,29.0,1.0,-0.4348882668806389,1.0,1.0,1.0,1.0,1.0
23.0,30.0,1.0,-0.16956963155839147,1.0,1.0,0.0,1.0,1.0
23.0,31.0,1.0,-0.2781861693106613,1.0,1.0,1.0,0.0,1.0
23.0,32.0,1.0,-0.2591542134362376,1.0,0.0,1.0,1.0,1.0
23.0,33.0,1.0,-0.28665876045552,1.0,1.0,1.0,1.0,1.0
23.0,34.0,1.0,-0.18539822622276286,1.0,1.0,1.0,1.0,1.0
23.0,35.0,1.0,-0.29747311955740713,1.0,1.0,1.0,1.0,0.0
23.0,36.0,1.0,-0.37028705232903397,1.0,0.0,1.0,0.0,0.0
23.0,37.0,1.0,-0.3387938234645488,1.0,1.0,1.0,0.0,1.0
23.0,38.0,1.0,-0.5215636374657949,1.0,1.0,1.0,1.0,1.0
23.0,39.0,1.0,-0.16724358913191906,1.0,1.0,1.0,1.0,1.0
23.0,40.0,1.0,-0.415703923604059,1.0,0.0,1.0,1.0,1.0
23.0,41.0,1.0,-0.37684625951134454,1.0,0.0,1.0,1.0,1.0
23.0,42.0,1.0,-0.3772622628065374,1.0,1.0,0.0,0.0,0.0
23.0,43.0,1.0,-0.4740105570086913,1.0,1.0,1.0,1.0,1.0
23.0,44.0,1.0,-0.4634789762563037,1.0,1.0,0.0,1.0,1.0
23.0,45.0,1.0,-0.46076562334465554,1.0,1.0,0.0,1.0,1.0
23.0,46.0,1.0,-0.33217238458725445,1.0,1.0,0.0,0.0,0.0
23.0,47.0,1.0,-0.5209509222343826,1.0,0.0,0.0,0.0,0.0
23.0,48.0,1.0,-0.343005696464829,1.0,1.0,1.0,1.0,0.0
23.0,49.0,1.0,-0.5410868914212636,1.0,1.0,0.0,0.0,0.0
23.0,50.0,1.0,-0.2533938298529954,1.0,0.0,0.0,0.0,1.0
24.0,1.0,1.0,-0.13509911806926742,1.0,1.0,1.0,1.0,0.0
24.0,2.0,1.0,-0.1715098947626016,1.0,1.0,1.0,1.0,1.0
24.0,3.0,1.0,-0.1480793052965458,1.0,1.0,1.0,1.0,1.0
24.0,4.0,1.0,-0.19905088098661702,1.0,1.0,1.0,1.0,0.0
24.0,5.0,1.0,-0.21039170087677236,1.0,1.0,1.0,1.0,1.0
24.0,6.0,1.0,-0.27581907665126626,1.0,1.0,0.0,1.0,1.0
24.0,7.0,1.0,-0.20250478268200706,1.0,1.0,1.0,1.0,0.0
24.0,8.0,1.0,-0.5430617531445086,1.0,0.0,0.0,0.0,1.0
24.0,9.0,1.0,-0.3147248339838627,1.0,1.0,1.0,1.0,1.0
24.0,10.0,1.0,-0.39772493498797645,1.0,1.0,1.0,1.0,1.0
24.0,11.0,1.0,-0.5332671403566636,1.0,1.0,1.0,1.0,1.0
24.0,12.0,1.0,-0.40309800429699727,1.0,0.0,0.0,0.0,1.0
24.0,13.0,1.0,-0.5373754477440739,1.0,1.0,0.0,0.0,0.0
24.0,14.0,1.0,-0.5767758461798203,1.0,0.0,0.0,1.0,0.0
24.0,15.0,1.0,-0.5814582307989477,1.0,0.0,1.0,0.0,0.0
24.0,16.0,1.0,-0.654554308159516,1.0,1.0,1.0,0.0,0.0
24.0,17.0,1.0,-0.6499340420154125,1.0,1.0,1.0,0.0,1.0
24.0,18.0,1.0,-0.7302420597584974,1.0,1.0,1.0,1.0,1.0
24.0,19.0,1.0,-0.6515768038410334,1.0,1.0,1.0,1.0,1.0
24.0,20.0,1.0,-0.7255283640548091,1.0,1.0,1.0,1.0,1.0
24.0,21.0,1.0,-0.8680580003179887,1.0,1.0,0.0,1.0,1.0
24.0,22.0,1.0,-0.8275141430670503,1.0,1.0,1.0,1.0,0.0
24.0,23.0,1.0,-0.8791673851138837,1.0,0.0,0.0,0.0,0.0
24.0,24.0,1.0,-0.9069300308928165,1.0,1.0,0.0,0.0,1.0
24.0,25.0,1.0,-0.9558972502061173,1.0,0.0,1.0,0.0,0.0
24.0,26.0,1.0,-1.1114355355332552,1.0,0.0,1.0,0.0,0.0
24.0,27.0,1.0,-1.0310097364949267,1.0,1.0,0.0,0.0,0.0
24.0,28.0,1.0,-1.3269021821717384,1.0,0.0,0.0,0.0,0.0
24.0,29.0,1.0,-1.1942391887769177,1.0,0.0,0.0,0.0,0.0
24.0,30.0,1.0,-1.2457434864377612,1.0,0.0,1.0,0.0,0.0
24.0,31.0,1.0,-1.0796656053759102,1.0,1.0,0.0,0.0,0.0
24.0,32.0,1.0,-1.274286645081508,1.0,1.0,0.0,0.0,0.0
24.0,33.0,1.0,-1.5363577238774588,1.0,1.0,1.0,1.0,0.0
24.0,34.0,1.0,-1.445103017765267,1.0,0.0,1.0,0.0,1.0
24.0,35.0,1.0,-1.33915069353686,1.0,0.0,0.0,0.0,0.0
24.0,36.0,1.0,-1.4614818677407084,1.0,1.0,0.0,0.0,0.0
24.0,37.0,1.0,-1.5048607020509732,1.0,0.0,1.0,0.0,0.0
24.0,38.0,1.0,-1.6863679591592136,1.0,0.0,0.0,0.0,1.0
24.0,39.0,1.0,-1.4525576427728812,1.0,1.0,0.0,0.0,0.0
24.0,40.0,1.0,-1.6161971057334499,1.0,0.0,0.0,0.0,1.0
24.0,41.0,1.0,-1.610611092275502,1.0,0.0,1.0,1.0,1.0
24.0,42.0,1.0,-1.7191137976706372,1.0,0.0,1.0,0.0,0.0
24.0,43.0,1.0,-1.6243717476443889,1.0,0.0,1.0,0.0,0.0
24.0,44.0,1.0,-1.6871661276621506,1.0,0.0,0.0,0.0,0.0
24.0,45.0,1.0,-1.5290734037883635,1.0,0.0,1.0,0.0,1.0
24.0,46.0,1.0,-1.902114723533972,1.0,0.0,0.0,1.0,0.0
24.0,47.0,1.0,-2.05812396908203,1.0,0.0,1.0,0.0,0.0
24.0,48.0,1.0,-2.020133550889315,1.0,0.0,0.0,0.0,0.0
24.0,49.0,1.0,-2.005106856942226,1.0,0.0,0.0,0.0,1.0
24.0,50.0,1.0,-1.9665825261295173,1.0,0.0,1.0,0.0,0.0
25.0,1.0,1.0,0.12064212995679097,1.0,0.0,0.0,0.0,0.0
25.0,2.0,1.0,-0.10990738702231613,1.0,1.0,0.0,1.0,0.0
25.0,3.0,1.0,0.013682084139126596,1.0,1.0,0.0,0.0,0.0
25.0,4.0,1.0,-0.04102442120852621,1.0,1.0,1.0,1.0,1.0
25.0,5.0,1.0,-0.020230260343293914,1.0,1.0,1.0,1.0,1.0
25.0,6.0,1.0,0.27902603493078937,1.0,1.0,1.0,1.0,1.0
25.0,7.0,1.0,-0.0038700027577780356,1.0,1.0,1.0,1.0,1.0
25.0,8.0,1.0,0.10942653006013234,1.0,1.0,0.0,0.0,1.0
25.0,9.0,1.0,-0.10378916241826608,1.0,1.0,0.0,1.0,0.0
25.0,10.0,1.0,0.006859662971381061,1.0,0.0,0.0,0.0,0.0
25.0,11.0,1.0,-0.14090285078676684,1.0,0.0,1.0,0.0,0.0
25.0,12.0,1.0,-0.015799420311487622,1.0,1.0,0.0,0.0,0.0
25.0,13.0,1.0,-0.015923945695540564,1.0,0.0,0.0,0.0,0.0
25.0,14.0,1.0,-0.03499740878228856,1.0,0.0,1.0,1.0,0.0
25.0,15.0,1.0,0.09825006011680953,1.0,1.0,1.0,1.0,1.0
25.0,16.0,1.0,0.0246488230544715,1.0,0.0,1.0,0.0,0.0
25.0,17.0,1.0,0.022819106408592315,1.0,1.0,1.0,0.0,1.0
25.0,18.0,1.0,0.007956878919583708,1.0,0.0,1.0,1.0,1.0
25.0,19.0,1.0,0.11463807047354231,1.0,1.0,1.0,1.0,0.0
25.0,20.0,1.0,0.11712563942252686,1.0,1.0,1.0,1.0,1.0
25.0,21.0,1.0,-0.03283745578450151,1.0,1.0,1.0,1.0,1.0
25.0,22.0,1.0,-0.04572452947705841,1.0,0.0,0.0,0.0,0.0
25.0,23.0,1.0,0.13517686247885838,1.0,0.0,0.0,0.0,0.0
25.0,24.0,1.0,0.24418041044826627,1.0,1.0,1.0,1.0,0.0
25.0,25.0,1.0,0.0126715793487229,1.0,1.0,1.0,1.0,1.0
25.0,26.0,1.0,0.36926282216807516,1.0,1.0,1.0,1.0,1.0
25.0,27.0,1.0,-0.008483599208999049,1.0,1.0,1.0,0.0,0.0
25.0,28.0,1.0,0.11107291271922991,1.0,1.0,1.0,1.0,1.0
25.0,29.0,1.0,0.17287992242878403,1.0,1.0,1.0,1.0,1.0
25.0,30.0,1.0,0.09362386004431013,1.0,1.0,0.0,1.0,1.0
25.0,31.0,1.0,-0.06729952069673986,1.0,0.0,0.0,0.0,1.0
25.0,32.0,1.0,-0.0036155249473012463,1.0,0.0,0.0,0.0,0.0
25.0,33.0,1.0,0.19440547046688517,1.0,1.0,0.0,1.0,0.0
25.0,34.0,1.0,-0.009499621321596083,1.0,0.0,1.0,0.0,1.0
25.0,35.0,1.0,-0.062419406805146516,1.0,1.0,1.0,1.0,1.0
25.0,36.0,1.0,0.228880393493959,1.0,1.0,1.0,0.0,1.0
25.0,37.0,1.0,0.15300099343401702,1.0,1.0,0.0,1.0,1.0
25.0,38.0,1.0,0.3756490582158833,1.0,1.0,0.0,0.0,0.0
25.0,39.0,1.0,0.04905660217365718,1.0,0.0,0.0,0.0,1.0
25.0,40.0,1.0,0.3764983665619213,1.0,1.0,1.0,1.0,1.0
25.0,41.0,1.0,0.23084294470245353,1.0,1.0,1.0,1.0,1.0
25.0,42.0,1.0,0.2059541949603526,1.0,0.0,1.0,1.0,1.0
25.0,43.0,1.0,0.3548910272757566,1.0,1.0,1.0,1.0,1.0
25.0,44.0,1.0,0.046460617464139584,1.0,1.0,1.0,1.0,1.0
25.0,45.0,1.0,0.15276806053115963,1.0,0.0,0.0,0.0,1.0
25.0,46.0,1.0,0.25385744827411116,1.0,1.0,1.0,1.0,1.0
25.0,47.0,1.0,0.272150779269105,1.0,1.0,1.0,1.0,0.0
25.0,48.0,1.0,0.21003716558300276,1.0,1.0,1.0,1.0,1.0
25.0,49.0,1.0,0.17261165306046286,1.0,1.0,1.0,1.0,1.0
25.0,50.0,1.0,0.2368736824596116,1.0,1.0,1.0,1.0,1.0
